priority,book_id,book_title,strategy,current_section_id,current_sec_position,action,confidence,current_section_title,canonical_title,stored_word_count,progress_strategy,reason
1,1,O Livro dos Espíritos,full-staging-reconstruction,4143,1,review,unmatched,I,,220,block-migration,No sufficiently reliable canonical relationship was found.
1,1,O Livro dos Espíritos,full-staging-reconstruction,4144,2,review,unmatched,Ii,,1082,block-migration,No sufficiently reliable canonical relationship was found.
1,1,O Livro dos Espíritos,full-staging-reconstruction,4145,3,review,unmatched,Iii,,1186,block-migration,No sufficiently reliable canonical relationship was found.
1,1,O Livro dos Espíritos,full-staging-reconstruction,4146,4,review,unmatched,Iv,,661,block-migration,No sufficiently reliable canonical relationship was found.
1,1,O Livro dos Espíritos,full-staging-reconstruction,4147,5,review,unmatched,V,,655,block-migration,No sufficiently reliable canonical relationship was found.
1,1,O Livro dos Espíritos,full-staging-reconstruction,4148,6,review,unmatched,Vi,,1680,block-migration,No sufficiently reliable canonical relationship was found.
1,1,O Livro dos Espíritos,full-staging-reconstruction,4149,7,review,unmatched,Vii,,1250,block-migration,No sufficiently reliable canonical relationship was found.
1,1,O Livro dos Espíritos,full-staging-reconstruction,4150,8,review,unmatched,Viii,,506,block-migration,No sufficiently reliable canonical relationship was found.
1,1,O Livro dos Espíritos,full-staging-reconstruction,4151,9,review,unmatched,Ix,,595,block-migration,No sufficiently reliable canonical relationship was found.
1,1,O Livro dos Espíritos,full-staging-reconstruction,4152,10,review,unmatched,X,,603,block-migration,No sufficiently reliable canonical relationship was found.
1,1,O Livro dos Espíritos,full-staging-reconstruction,4153,11,review,unmatched,Xi,,269,block-migration,No sufficiently reliable canonical relationship was found.
1,1,O Livro dos Espíritos,full-staging-reconstruction,4154,12,review,unmatched,Xii,,968,block-migration,No sufficiently reliable canonical relationship was found.
1,1,O Livro dos Espíritos,full-staging-reconstruction,4155,13,review,unmatched,Xiii,,587,block-migration,No sufficiently reliable canonical relationship was found.
1,1,O Livro dos Espíritos,full-staging-reconstruction,4156,14,review,unmatched,Xiv,,339,block-migration,No sufficiently reliable canonical relationship was found.
1,1,O Livro dos Espíritos,full-staging-reconstruction,4157,15,review,unmatched,Xv,,731,block-migration,No sufficiently reliable canonical relationship was found.
1,1,O Livro dos Espíritos,full-staging-reconstruction,4158,16,review,unmatched,Xvi,,1383,block-migration,No sufficiently reliable canonical relationship was found.
1,1,O Livro dos Espíritos,full-staging-reconstruction,4159,17,review,unmatched,Xvii,,589,block-migration,No sufficiently reliable canonical relationship was found.
1,1,O Livro dos Espíritos,full-staging-reconstruction,4162,20,review,unmatched,null,,20,block-migration,No sufficiently reliable canonical relationship was found.
1,1,O Livro dos Espíritos,full-staging-reconstruction,4185,43,review,unmatched,null,,79,block-migration,No sufficiently reliable canonical relationship was found.
1,1,O Livro dos Espíritos,full-staging-reconstruction,4267,125,review,unmatched,null,,77,block-migration,No sufficiently reliable canonical relationship was found.
1,1,O Livro dos Espíritos,full-staging-reconstruction,4343,201,review,unmatched,null,,14,block-migration,No sufficiently reliable canonical relationship was found.
1,2,O Livro dos Médiuns,full-staging-reconstruction,4372,2,review,unmatched,null,,19,block-migration,No sufficiently reliable canonical relationship was found.
1,2,O Livro dos Médiuns,full-staging-reconstruction,4382,12,review,unmatched,null,,206,block-migration,No sufficiently reliable canonical relationship was found.
1,2,O Livro dos Médiuns,full-staging-reconstruction,4386,16,review,chapter-aggregate,null,Das manifestações físicas Das mesas girantes,1035,block-migration,No sufficiently reliable canonical relationship was found.
1,2,O Livro dos Médiuns,full-staging-reconstruction,4388,18,review,chapter-aggregate,null,Das manifestações inteligentes,1079,block-migration,No sufficiently reliable canonical relationship was found.
1,2,O Livro dos Médiuns,full-staging-reconstruction,4410,40,review,chapter-aggregate,Pneumatofonia,Da pneumatografia ou escrita direta Da pneumatofonia,378,block-migration,No sufficiently reliable canonical relationship was found.
1,2,O Livro dos Médiuns,full-staging-reconstruction,4445,75,review,chapter-aggregate,null,Da influência do meio,819,block-migration,No sufficiently reliable canonical relationship was found.
1,2,O Livro dos Médiuns,full-staging-reconstruction,4462,92,review,chapter-aggregate,Das mistificações,Das contradições e das mistificações,692,block-migration,No sufficiently reliable canonical relationship was found.
1,2,O Livro dos Médiuns,full-staging-reconstruction,4472,102,review,chapter-aggregate,Fundada a 1º de abril de 1858,Regulamento da Sociedade Parisiense de Estudos Espíritas,138,block-migration,No sufficiently reliable canonical relationship was found.
1,2,O Livro dos Médiuns,full-staging-reconstruction,4473,103,review,chapter-aggregate,Capítulo I — Fins e formação da Sociedade,Regulamento da Sociedade Parisiense de Estudos Espíritas,605,block-migration,No sufficiently reliable canonical relationship was found.
1,2,O Livro dos Médiuns,full-staging-reconstruction,4474,104,review,chapter-aggregate,Capítulo II — Administração,Regulamento da Sociedade Parisiense de Estudos Espíritas,760,block-migration,No sufficiently reliable canonical relationship was found.
1,2,O Livro dos Médiuns,full-staging-reconstruction,4475,105,review,chapter-aggregate,Capítulo III — Das sessões,Regulamento da Sociedade Parisiense de Estudos Espíritas,705,block-migration,No sufficiently reliable canonical relationship was found.
1,2,O Livro dos Médiuns,full-staging-reconstruction,4476,106,review,chapter-aggregate,Capítulo IV — Disposições diversas,Regulamento da Sociedade Parisiense de Estudos Espíritas,550,block-migration,No sufficiently reliable canonical relationship was found.
1,2,O Livro dos Médiuns,full-staging-reconstruction,4516,146,review,chapter-aggregate,null,Vocabulário espírita,601,block-migration,No sufficiently reliable canonical relationship was found.
1,3,O Evangelho Segundo o Espiritismo,full-staging-reconstruction,4520,3,review,unmatched,I – Objetivo desta obra,,892,block-migration,No sufficiently reliable canonical relationship was found.
1,3,O Evangelho Segundo o Espiritismo,full-staging-reconstruction,4521,4,review,unmatched,II – Autoridade da Doutrina Espírita,,2891,block-migration,No sufficiently reliable canonical relationship was found.
1,3,O Evangelho Segundo o Espiritismo,full-staging-reconstruction,4522,5,review,unmatched,III – Notícias históricas,,1864,block-migration,No sufficiently reliable canonical relationship was found.
1,3,O Evangelho Segundo o Espiritismo,full-staging-reconstruction,4523,6,review,unmatched,ideia cristã e do Espiritismo,,3234,block-migration,No sufficiently reliable canonical relationship was found.
1,4,O Céu e o Inferno,full-staging-reconstruction,4760,2,review,unmatched,null,,62,block-migration,No sufficiently reliable canonical relationship was found.
1,4,O Céu e o Inferno,full-staging-reconstruction,4799,41,review,unmatched,null,,33,block-migration,No sufficiently reliable canonical relationship was found.
1,5,A Gênese,targeted-staging-reconstruction,4905,1,review,unmatched,null,,0,block-migration,No sufficiently reliable canonical relationship was found.
1,5,A Gênese,targeted-staging-reconstruction,4906,2,review,unmatched,null,,66,block-migration,No sufficiently reliable canonical relationship was found.
1,5,A Gênese,targeted-staging-reconstruction,4977,73,review,unmatched,null,,0,block-migration,No sufficiently reliable canonical relationship was found.
1,5,A Gênese,targeted-staging-reconstruction,4978,74,review,unmatched,null,,15,block-migration,No sufficiently reliable canonical relationship was found.
1,5,A Gênese,targeted-staging-reconstruction,5026,122,review,unmatched,null,,0,block-migration,No sufficiently reliable canonical relationship was found.
1,5,A Gênese,targeted-staging-reconstruction,5027,123,review,unmatched,null,,16,block-migration,No sufficiently reliable canonical relationship was found.
2,1,O Livro dos Espíritos,full-staging-reconstruction,4179,37,split,chapter-aggregate,concernentes à Criação,Da criação,1230,map-current-progress-to-first-unread-successor,The current record appears to aggregate a larger editorial unit and requires approved successor boundaries.
2,1,O Livro dos Espíritos,full-staging-reconstruction,4217,75,split,chapter-aggregate,null,Considerações sobre a pluralidade das existências,3469,map-current-progress-to-first-unread-successor,The current record appears to aggregate a larger editorial unit and requires approved successor boundaries.
2,1,O Livro dos Espíritos,full-staging-reconstruction,4225,83,split,chapter-aggregate,os Espíritos. Metades eternas,Da vida espírita,806,map-current-progress-to-first-unread-successor,The current record appears to aggregate a larger editorial unit and requires approved successor boundaries.
2,1,O Livro dos Espíritos,full-staging-reconstruction,4247,105,split,chapter-aggregate,penetrar os nossos pensamentos,Da intervenção dos Espíritos no mundo corporal,137,map-current-progress-to-first-unread-successor,The current record appears to aggregate a larger editorial unit and requires approved successor boundaries.
2,1,O Livro dos Espíritos,full-staging-reconstruction,4252,110,split,chapter-aggregate,familiares ou simpáticos,Da intervenção dos Espíritos no mundo corporal,3220,map-current-progress-to-first-unread-successor,The current record appears to aggregate a larger editorial unit and requires approved successor boundaries.
2,1,O Livro dos Espíritos,full-staging-reconstruction,4261,119,split,chapter-aggregate,null,Das ocupações e missões dos Espíritos,2446,map-current-progress-to-first-unread-successor,The current record appears to aggregate a larger editorial unit and requires approved successor boundaries.
2,1,O Livro dos Espíritos,full-staging-reconstruction,4361,219,split,chapter-aggregate,I,Das penas e gozos futuros,362,map-current-progress-to-first-unread-successor,The current record appears to aggregate a larger editorial unit and requires approved successor boundaries.
2,1,O Livro dos Espíritos,full-staging-reconstruction,4362,220,split,chapter-aggregate,Ii,Das penas e gozos futuros,394,map-current-progress-to-first-unread-successor,The current record appears to aggregate a larger editorial unit and requires approved successor boundaries.
2,1,O Livro dos Espíritos,full-staging-reconstruction,4363,221,split,chapter-aggregate,Iii,Das penas e gozos futuros,410,map-current-progress-to-first-unread-successor,The current record appears to aggregate a larger editorial unit and requires approved successor boundaries.
2,1,O Livro dos Espíritos,full-staging-reconstruction,4364,222,split,chapter-aggregate,Iv,Das penas e gozos futuros,505,map-current-progress-to-first-unread-successor,The current record appears to aggregate a larger editorial unit and requires approved successor boundaries.
2,1,O Livro dos Espíritos,full-staging-reconstruction,4365,223,split,chapter-aggregate,V,Das penas e gozos futuros,722,map-current-progress-to-first-unread-successor,The current record appears to aggregate a larger editorial unit and requires approved successor boundaries.
2,1,O Livro dos Espíritos,full-staging-reconstruction,4366,224,split,chapter-aggregate,Vi,Das penas e gozos futuros,753,map-current-progress-to-first-unread-successor,The current record appears to aggregate a larger editorial unit and requires approved successor boundaries.
2,1,O Livro dos Espíritos,full-staging-reconstruction,4367,225,split,chapter-aggregate,Vii,Das penas e gozos futuros,841,map-current-progress-to-first-unread-successor,The current record appears to aggregate a larger editorial unit and requires approved successor boundaries.
2,1,O Livro dos Espíritos,full-staging-reconstruction,4368,226,split,chapter-aggregate,Viii,Das penas e gozos futuros,719,map-current-progress-to-first-unread-successor,The current record appears to aggregate a larger editorial unit and requires approved successor boundaries.
2,1,O Livro dos Espíritos,full-staging-reconstruction,4369,227,split,chapter-aggregate,Ix,Das penas e gozos futuros,885,map-current-progress-to-first-unread-successor,The current record appears to aggregate a larger editorial unit and requires approved successor boundaries.
2,1,O Livro dos Espíritos,full-staging-reconstruction,4370,228,split,chapter-aggregate,Nota explicativa,Das penas e gozos futuros,1797,map-current-progress-to-first-unread-successor,The current record appears to aggregate a larger editorial unit and requires approved successor boundaries.
2,2,O Livro dos Médiuns,full-staging-reconstruction,4374,4,split,chapter-aggregate,null,Há Espíritos?,2125,map-current-progress-to-first-unread-successor,The current record appears to aggregate a larger editorial unit and requires approved successor boundaries.
2,2,O Livro dos Médiuns,full-staging-reconstruction,4376,6,split,chapter-aggregate,null,Do maravilhoso e do sobrenatural,3331,map-current-progress-to-first-unread-successor,The current record appears to aggregate a larger editorial unit and requires approved successor boundaries.
2,2,O Livro dos Médiuns,full-staging-reconstruction,4378,8,split,chapter-aggregate,null,Do método,4176,map-current-progress-to-first-unread-successor,The current record appears to aggregate a larger editorial unit and requires approved successor boundaries.
2,2,O Livro dos Médiuns,full-staging-reconstruction,4380,10,split,chapter-aggregate,null,Dos sistemas,6307,map-current-progress-to-first-unread-successor,The current record appears to aggregate a larger editorial unit and requires approved successor boundaries.
2,2,O Livro dos Médiuns,full-staging-reconstruction,4384,14,split,chapter-aggregate,null,Da ação dos Espíritos sobre a matéria,2052,map-current-progress-to-first-unread-successor,The current record appears to aggregate a larger editorial unit and requires approved successor boundaries.
2,2,O Livro dos Médiuns,full-staging-reconstruction,4390,20,split,chapter-aggregate,null,Da teoria das manifestações físicas,4230,map-current-progress-to-first-unread-successor,The current record appears to aggregate a larger editorial unit and requires approved successor boundaries.
2,2,O Livro dos Médiuns,full-staging-reconstruction,4392,22,split,chapter-aggregate,null,Das manifestações físicas espontâneas,4103,map-current-progress-to-first-unread-successor,The current record appears to aggregate a larger editorial unit and requires approved successor boundaries.
2,2,O Livro dos Médiuns,full-staging-reconstruction,4395,25,split,chapter-aggregate,null,Das manifestações visuais,2684,map-current-progress-to-first-unread-successor,The current record appears to aggregate a larger editorial unit and requires approved successor boundaries.
2,2,O Livro dos Médiuns,full-staging-reconstruction,4399,29,split,chapter-aggregate,null,Da bicorporeidade e da transfiguração,3323,map-current-progress-to-first-unread-successor,The current record appears to aggregate a larger editorial unit and requires approved successor boundaries.
2,2,O Livro dos Médiuns,full-staging-reconstruction,4401,31,split,chapter-aggregate,null,Do laboratório do Mundo Invisível,2561,map-current-progress-to-first-unread-successor,The current record appears to aggregate a larger editorial unit and requires approved successor boundaries.
2,2,O Livro dos Médiuns,full-staging-reconstruction,4403,33,split,chapter-aggregate,null,Dos lugares assombrados,1567,map-current-progress-to-first-unread-successor,The current record appears to aggregate a larger editorial unit and requires approved successor boundaries.
2,2,O Livro dos Médiuns,full-staging-reconstruction,4407,37,split,chapter-aggregate,null,Da sematologia e da tiptologia,1860,map-current-progress-to-first-unread-successor,The current record appears to aggregate a larger editorial unit and requires approved successor boundaries.
2,2,O Livro dos Médiuns,full-staging-reconstruction,4409,39,split,chapter-aggregate,Escrita direta,Da pneumatografia ou escrita direta Da pneumatofonia,1281,map-current-progress-to-first-unread-successor,The current record appears to aggregate a larger editorial unit and requires approved successor boundaries.
2,2,O Livro dos Médiuns,full-staging-reconstruction,4412,42,split,chapter-aggregate,null,Da psicografia,1347,map-current-progress-to-first-unread-successor,The current record appears to aggregate a larger editorial unit and requires approved successor boundaries.
2,2,O Livro dos Médiuns,full-staging-reconstruction,4414,44,split,chapter-aggregate,null,Dos médiuns,165,map-current-progress-to-first-unread-successor,The current record appears to aggregate a larger editorial unit and requires approved successor boundaries.
2,2,O Livro dos Médiuns,full-staging-reconstruction,4424,54,split,chapter-aggregate,null,Dos médiuns escreventes ou psicógrafos,114,map-current-progress-to-first-unread-successor,The current record appears to aggregate a larger editorial unit and requires approved successor boundaries.
2,2,O Livro dos Médiuns,full-staging-reconstruction,4425,55,split,chapter-aggregate,Médiuns mecânicos,Dos médiuns escreventes ou psicógrafos,278,map-current-progress-to-first-unread-successor,The current record appears to aggregate a larger editorial unit and requires approved successor boundaries.
2,2,O Livro dos Médiuns,full-staging-reconstruction,4426,56,split,chapter-aggregate,Médiuns intuitivos,Dos médiuns escreventes ou psicógrafos,277,map-current-progress-to-first-unread-successor,The current record appears to aggregate a larger editorial unit and requires approved successor boundaries.
2,2,O Livro dos Médiuns,full-staging-reconstruction,4427,57,split,chapter-aggregate,Médiuns semimecânicos,Dos médiuns escreventes ou psicógrafos,80,map-current-progress-to-first-unread-successor,The current record appears to aggregate a larger editorial unit and requires approved successor boundaries.
2,2,O Livro dos Médiuns,full-staging-reconstruction,4428,58,split,chapter-aggregate,Médiuns inspirados ou involuntários,Dos médiuns escreventes ou psicógrafos,678,map-current-progress-to-first-unread-successor,The current record appears to aggregate a larger editorial unit and requires approved successor boundaries.
2,2,O Livro dos Médiuns,full-staging-reconstruction,4429,59,split,chapter-aggregate,Médiuns de pressentimentos,Dos médiuns escreventes ou psicógrafos,78,map-current-progress-to-first-unread-successor,The current record appears to aggregate a larger editorial unit and requires approved successor boundaries.
2,2,O Livro dos Médiuns,full-staging-reconstruction,4431,61,split,chapter-aggregate,null,Dos médiuns especiais,1676,map-current-progress-to-first-unread-successor,The current record appears to aggregate a larger editorial unit and requires approved successor boundaries.
2,2,O Livro dos Médiuns,full-staging-reconstruction,4432,62,split,chapter-aggregate,Diversas,Dos médiuns especiais,458,map-current-progress-to-first-unread-successor,The current record appears to aggregate a larger editorial unit and requires approved successor boundaries.
2,2,O Livro dos Médiuns,full-staging-reconstruction,4433,63,split,chapter-aggregate,Variedades dos médiuns escreventes:,Dos médiuns especiais,2889,map-current-progress-to-first-unread-successor,The current record appears to aggregate a larger editorial unit and requires approved successor boundaries.
2,2,O Livro dos Médiuns,full-staging-reconstruction,4439,69,split,chapter-aggregate,null,Dos inconvenientes e perigos da mediunidade,864,map-current-progress-to-first-unread-successor,The current record appears to aggregate a larger editorial unit and requires approved successor boundaries.
2,2,O Livro dos Médiuns,full-staging-reconstruction,4441,71,split,chapter-aggregate,null,Do papel dos médiuns nas comunicações espíritas,4225,map-current-progress-to-first-unread-successor,The current record appears to aggregate a larger editorial unit and requires approved successor boundaries.
2,2,O Livro dos Médiuns,full-staging-reconstruction,4443,73,split,chapter-aggregate,null,Da influência moral do médium,2971,map-current-progress-to-first-unread-successor,The current record appears to aggregate a larger editorial unit and requires approved successor boundaries.
2,2,O Livro dos Médiuns,full-staging-reconstruction,4447,77,split,chapter-aggregate,null,Da mediunidade nos animais,2245,map-current-progress-to-first-unread-successor,The current record appears to aggregate a larger editorial unit and requires approved successor boundaries.
2,2,O Livro dos Médiuns,full-staging-reconstruction,4449,79,split,chapter-aggregate,null,Da obsessão,5495,map-current-progress-to-first-unread-successor,The current record appears to aggregate a larger editorial unit and requires approved successor boundaries.
2,2,O Livro dos Médiuns,full-staging-reconstruction,4461,91,split,chapter-aggregate,Das contradições,Das contradições e das mistificações,2841,map-current-progress-to-first-unread-successor,The current record appears to aggregate a larger editorial unit and requires approved successor boundaries.
2,2,O Livro dos Médiuns,full-staging-reconstruction,4478,108,split,chapter-aggregate,null,Dissertações espíritas,65,map-current-progress-to-first-unread-successor,The current record appears to aggregate a larger editorial unit and requires approved successor boundaries.
2,2,O Livro dos Médiuns,full-staging-reconstruction,4479,109,split,chapter-aggregate,I,Dissertações espíritas,147,map-current-progress-to-first-unread-successor,The current record appears to aggregate a larger editorial unit and requires approved successor boundaries.
2,2,O Livro dos Médiuns,full-staging-reconstruction,4480,110,split,chapter-aggregate,Ii,Dissertações espíritas,216,map-current-progress-to-first-unread-successor,The current record appears to aggregate a larger editorial unit and requires approved successor boundaries.
2,2,O Livro dos Médiuns,full-staging-reconstruction,4481,111,split,chapter-aggregate,Iii,Dissertações espíritas,224,map-current-progress-to-first-unread-successor,The current record appears to aggregate a larger editorial unit and requires approved successor boundaries.
2,2,O Livro dos Médiuns,full-staging-reconstruction,4482,112,split,chapter-aggregate,Iv,Dissertações espíritas,210,map-current-progress-to-first-unread-successor,The current record appears to aggregate a larger editorial unit and requires approved successor boundaries.
2,2,O Livro dos Médiuns,full-staging-reconstruction,4483,113,split,chapter-aggregate,V,Dissertações espíritas,157,map-current-progress-to-first-unread-successor,The current record appears to aggregate a larger editorial unit and requires approved successor boundaries.
2,2,O Livro dos Médiuns,full-staging-reconstruction,4484,114,split,chapter-aggregate,Vi,Dissertações espíritas,99,map-current-progress-to-first-unread-successor,The current record appears to aggregate a larger editorial unit and requires approved successor boundaries.
2,2,O Livro dos Médiuns,full-staging-reconstruction,4485,115,split,chapter-aggregate,Vii,Dissertações espíritas,89,map-current-progress-to-first-unread-successor,The current record appears to aggregate a larger editorial unit and requires approved successor boundaries.
2,2,O Livro dos Médiuns,full-staging-reconstruction,4486,116,split,chapter-aggregate,Viii,Dissertações espíritas,150,map-current-progress-to-first-unread-successor,The current record appears to aggregate a larger editorial unit and requires approved successor boundaries.
2,2,O Livro dos Médiuns,full-staging-reconstruction,4487,117,split,chapter-aggregate,Ix,Dissertações espíritas,644,map-current-progress-to-first-unread-successor,The current record appears to aggregate a larger editorial unit and requires approved successor boundaries.
2,2,O Livro dos Médiuns,full-staging-reconstruction,4488,118,split,chapter-aggregate,X,Dissertações espíritas,242,map-current-progress-to-first-unread-successor,The current record appears to aggregate a larger editorial unit and requires approved successor boundaries.
2,2,O Livro dos Médiuns,full-staging-reconstruction,4489,119,split,chapter-aggregate,Xi,Dissertações espíritas,269,map-current-progress-to-first-unread-successor,The current record appears to aggregate a larger editorial unit and requires approved successor boundaries.
2,2,O Livro dos Médiuns,full-staging-reconstruction,4490,120,split,chapter-aggregate,Xii,Dissertações espíritas,234,map-current-progress-to-first-unread-successor,The current record appears to aggregate a larger editorial unit and requires approved successor boundaries.
2,2,O Livro dos Médiuns,full-staging-reconstruction,4491,121,split,chapter-aggregate,Xiii,Dissertações espíritas,212,map-current-progress-to-first-unread-successor,The current record appears to aggregate a larger editorial unit and requires approved successor boundaries.
2,2,O Livro dos Médiuns,full-staging-reconstruction,4492,122,split,chapter-aggregate,Xiv,Dissertações espíritas,199,map-current-progress-to-first-unread-successor,The current record appears to aggregate a larger editorial unit and requires approved successor boundaries.
2,2,O Livro dos Médiuns,full-staging-reconstruction,4493,123,split,chapter-aggregate,Xv,Dissertações espíritas,270,map-current-progress-to-first-unread-successor,The current record appears to aggregate a larger editorial unit and requires approved successor boundaries.
2,2,O Livro dos Médiuns,full-staging-reconstruction,4495,125,split,chapter-aggregate,Xvi,Dissertações espíritas,479,map-current-progress-to-first-unread-successor,The current record appears to aggregate a larger editorial unit and requires approved successor boundaries.
2,2,O Livro dos Médiuns,full-staging-reconstruction,4496,126,split,chapter-aggregate,Xvii,Dissertações espíritas,92,map-current-progress-to-first-unread-successor,The current record appears to aggregate a larger editorial unit and requires approved successor boundaries.
2,2,O Livro dos Médiuns,full-staging-reconstruction,4497,127,split,chapter-aggregate,Xviii,Dissertações espíritas,232,map-current-progress-to-first-unread-successor,The current record appears to aggregate a larger editorial unit and requires approved successor boundaries.
2,2,O Livro dos Médiuns,full-staging-reconstruction,4498,128,split,chapter-aggregate,Xix,Dissertações espíritas,121,map-current-progress-to-first-unread-successor,The current record appears to aggregate a larger editorial unit and requires approved successor boundaries.
2,2,O Livro dos Médiuns,full-staging-reconstruction,4499,129,split,chapter-aggregate,Xx,Dissertações espíritas,107,map-current-progress-to-first-unread-successor,The current record appears to aggregate a larger editorial unit and requires approved successor boundaries.
2,2,O Livro dos Médiuns,full-staging-reconstruction,4500,130,split,chapter-aggregate,Xxi,Dissertações espíritas,270,map-current-progress-to-first-unread-successor,The current record appears to aggregate a larger editorial unit and requires approved successor boundaries.
2,2,O Livro dos Médiuns,full-staging-reconstruction,4501,131,split,chapter-aggregate,Xxii,Dissertações espíritas,223,map-current-progress-to-first-unread-successor,The current record appears to aggregate a larger editorial unit and requires approved successor boundaries.
2,2,O Livro dos Médiuns,full-staging-reconstruction,4502,132,split,chapter-aggregate,Xxiii,Dissertações espíritas,146,map-current-progress-to-first-unread-successor,The current record appears to aggregate a larger editorial unit and requires approved successor boundaries.
2,2,O Livro dos Médiuns,full-staging-reconstruction,4503,133,split,chapter-aggregate,Xxiv,Dissertações espíritas,211,map-current-progress-to-first-unread-successor,The current record appears to aggregate a larger editorial unit and requires approved successor boundaries.
2,2,O Livro dos Médiuns,full-staging-reconstruction,4504,134,split,chapter-aggregate,Xxv,Dissertações espíritas,277,map-current-progress-to-first-unread-successor,The current record appears to aggregate a larger editorial unit and requires approved successor boundaries.
2,2,O Livro dos Médiuns,full-staging-reconstruction,4505,135,split,chapter-aggregate,Xxvi,Dissertações espíritas,212,map-current-progress-to-first-unread-successor,The current record appears to aggregate a larger editorial unit and requires approved successor boundaries.
2,2,O Livro dos Médiuns,full-staging-reconstruction,4506,136,split,chapter-aggregate,Xxvii,Dissertações espíritas,450,map-current-progress-to-first-unread-successor,The current record appears to aggregate a larger editorial unit and requires approved successor boundaries.
2,2,O Livro dos Médiuns,full-staging-reconstruction,4507,137,split,chapter-aggregate,Xxviii,Dissertações espíritas,502,map-current-progress-to-first-unread-successor,The current record appears to aggregate a larger editorial unit and requires approved successor boundaries.
2,2,O Livro dos Médiuns,full-staging-reconstruction,4509,139,split,chapter-aggregate,Xxix,Dissertações espíritas,486,map-current-progress-to-first-unread-successor,The current record appears to aggregate a larger editorial unit and requires approved successor boundaries.
2,2,O Livro dos Médiuns,full-staging-reconstruction,4510,140,split,chapter-aggregate,Xxx,Dissertações espíritas,341,map-current-progress-to-first-unread-successor,The current record appears to aggregate a larger editorial unit and requires approved successor boundaries.
2,2,O Livro dos Médiuns,full-staging-reconstruction,4511,141,split,chapter-aggregate,Xxxi,Dissertações espíritas,236,map-current-progress-to-first-unread-successor,The current record appears to aggregate a larger editorial unit and requires approved successor boundaries.
2,2,O Livro dos Médiuns,full-staging-reconstruction,4512,142,split,chapter-aggregate,Xxxii,Dissertações espíritas,164,map-current-progress-to-first-unread-successor,The current record appears to aggregate a larger editorial unit and requires approved successor boundaries.
2,2,O Livro dos Médiuns,full-staging-reconstruction,4513,143,split,chapter-aggregate,Xxxiii,Dissertações espíritas,520,map-current-progress-to-first-unread-successor,The current record appears to aggregate a larger editorial unit and requires approved successor boundaries.
2,2,O Livro dos Médiuns,full-staging-reconstruction,4514,144,split,chapter-aggregate,Xxxiv,Dissertações espíritas,678,map-current-progress-to-first-unread-successor,The current record appears to aggregate a larger editorial unit and requires approved successor boundaries.
2,2,O Livro dos Médiuns,full-staging-reconstruction,4517,147,split,chapter-aggregate,Nota explicativa,Vocabulário espírita,1814,map-current-progress-to-first-unread-successor,The current record appears to aggregate a larger editorial unit and requires approved successor boundaries.
2,3,O Evangelho Segundo o Espiritismo,full-staging-reconstruction,4526,9,split,chapter-aggregate,Moisés,Não vim destruir a lei,688,map-current-progress-to-first-unread-successor,The current record appears to aggregate a larger editorial unit and requires approved successor boundaries.
2,3,O Evangelho Segundo o Espiritismo,full-staging-reconstruction,4527,10,split,chapter-aggregate,O Cristo,Não vim destruir a lei,421,map-current-progress-to-first-unread-successor,The current record appears to aggregate a larger editorial unit and requires approved successor boundaries.
2,3,O Evangelho Segundo o Espiritismo,full-staging-reconstruction,4528,11,split,chapter-aggregate,O Espiritismo,Não vim destruir a lei,323,map-current-progress-to-first-unread-successor,The current record appears to aggregate a larger editorial unit and requires approved successor boundaries.
2,3,O Evangelho Segundo o Espiritismo,full-staging-reconstruction,4530,13,split,chapter-aggregate,A nova era,Não vim destruir a lei,1251,map-current-progress-to-first-unread-successor,The current record appears to aggregate a larger editorial unit and requires approved successor boundaries.
2,3,O Evangelho Segundo o Espiritismo,full-staging-reconstruction,4532,15,split,chapter-aggregate,null,Meu Reino não é deste mundo,102,map-current-progress-to-first-unread-successor,The current record appears to aggregate a larger editorial unit and requires approved successor boundaries.
2,3,O Evangelho Segundo o Espiritismo,full-staging-reconstruction,4536,19,split,chapter-aggregate,Uma realeza terrestre,Meu Reino não é deste mundo,331,map-current-progress-to-first-unread-successor,The current record appears to aggregate a larger editorial unit and requires approved successor boundaries.
2,3,O Evangelho Segundo o Espiritismo,full-staging-reconstruction,4538,21,split,chapter-aggregate,null,Há muitas moradas na casa de meu Pai,73,map-current-progress-to-first-unread-successor,The current record appears to aggregate a larger editorial unit and requires approved successor boundaries.
2,3,O Evangelho Segundo o Espiritismo,full-staging-reconstruction,4542,25,split,chapter-aggregate,Mundos inferiores e mundos superiores,Há muitas moradas na casa de meu Pai,1004,map-current-progress-to-first-unread-successor,The current record appears to aggregate a larger editorial unit and requires approved successor boundaries.
2,3,O Evangelho Segundo o Espiritismo,full-staging-reconstruction,4547,30,split,chapter-aggregate,null,Ninguém poderá ver o Reino de Deus se não nascer de novo,281,map-current-progress-to-first-unread-successor,The current record appears to aggregate a larger editorial unit and requires approved successor boundaries.
2,3,O Evangelho Segundo o Espiritismo,full-staging-reconstruction,4549,32,split,chapter-aggregate,passo que a unicidade da existência os rompe,Ninguém poderá ver o Reino de Deus se não nascer de novo,1041,map-current-progress-to-first-unread-successor,The current record appears to aggregate a larger editorial unit and requires approved successor boundaries.
2,3,O Evangelho Segundo o Espiritismo,full-staging-reconstruction,4550,33,split,chapter-aggregate,Limites da encarnação,Ninguém poderá ver o Reino de Deus se não nascer de novo,272,map-current-progress-to-first-unread-successor,The current record appears to aggregate a larger editorial unit and requires approved successor boundaries.
2,3,O Evangelho Segundo o Espiritismo,full-staging-reconstruction,4553,36,split,chapter-aggregate,null,Bem-aventurados os aflitos,116,map-current-progress-to-first-unread-successor,The current record appears to aggregate a larger editorial unit and requires approved successor boundaries.
2,3,O Evangelho Segundo o Espiritismo,full-staging-reconstruction,4560,43,split,chapter-aggregate,Bem e mal sofrer,Bem-aventurados os aflitos,363,map-current-progress-to-first-unread-successor,The current record appears to aggregate a larger editorial unit and requires approved successor boundaries.
2,3,O Evangelho Segundo o Espiritismo,full-staging-reconstruction,4570,53,split,chapter-aggregate,que sofra sem esperança de cura?,Bem-aventurados os aflitos,254,map-current-progress-to-first-unread-successor,The current record appears to aggregate a larger editorial unit and requires approved successor boundaries.
2,3,O Evangelho Segundo o Espiritismo,full-staging-reconstruction,4576,59,split,chapter-aggregate,Advento do Espírito de Verdade,O Cristo Consolador,963,map-current-progress-to-first-unread-successor,The current record appears to aggregate a larger editorial unit and requires approved successor boundaries.
2,3,O Evangelho Segundo o Espiritismo,full-staging-reconstruction,4581,64,split,chapter-aggregate,O orgulho e a humildade,Bem-aventurados os pobres de espírito,2008,map-current-progress-to-first-unread-successor,The current record appears to aggregate a larger editorial unit and requires approved successor boundaries.
2,3,O Evangelho Segundo o Espiritismo,full-staging-reconstruction,4587,70,split,chapter-aggregate,"motivo de escândalo, cortai-a",Bem-aventurados os que têm puro o coração,933,map-current-progress-to-first-unread-successor,The current record appears to aggregate a larger editorial unit and requires approved successor boundaries.
2,3,O Evangelho Segundo o Espiritismo,full-staging-reconstruction,4588,71,split,chapter-aggregate,Deixai que venham a mim as criancinhas,Bem-aventurados os que têm puro o coração,587,map-current-progress-to-first-unread-successor,The current record appears to aggregate a larger editorial unit and requires approved successor boundaries.
2,3,O Evangelho Segundo o Espiritismo,full-staging-reconstruction,4592,75,split,chapter-aggregate,A afabilidade e a doçura,Bem-aventurados os que são brandos e pacíficos,269,map-current-progress-to-first-unread-successor,The current record appears to aggregate a larger editorial unit and requires approved successor boundaries.
2,3,O Evangelho Segundo o Espiritismo,full-staging-reconstruction,4601,84,split,chapter-aggregate,primeira pedra aquele que estiver sem pecado,Bem-aventurados os que são misericordiosos,516,map-current-progress-to-first-unread-successor,The current record appears to aggregate a larger editorial unit and requires approved successor boundaries.
2,3,O Evangelho Segundo o Espiritismo,full-staging-reconstruction,4602,85,split,chapter-aggregate,Perdão das ofensas,Bem-aventurados os que são misericordiosos,824,map-current-progress-to-first-unread-successor,The current record appears to aggregate a larger editorial unit and requires approved successor boundaries.
2,3,O Evangelho Segundo o Espiritismo,full-staging-reconstruction,4604,87,split,chapter-aggregate,"de outrem, divulgar o mal de outrem?",Bem-aventurados os que são misericordiosos,381,map-current-progress-to-first-unread-successor,The current record appears to aggregate a larger editorial unit and requires approved successor boundaries.
2,3,O Evangelho Segundo o Espiritismo,full-staging-reconstruction,4606,89,split,chapter-aggregate,Parábola dos Credores e dos Devedores,Amar o próximo como a si mesmo,556,map-current-progress-to-first-unread-successor,The current record appears to aggregate a larger editorial unit and requires approved successor boundaries.
2,3,O Evangelho Segundo o Espiritismo,full-staging-reconstruction,4608,91,split,chapter-aggregate,A lei de amor,Amar o próximo como a si mesmo,1585,map-current-progress-to-first-unread-successor,The current record appears to aggregate a larger editorial unit and requires approved successor boundaries.
2,3,O Evangelho Segundo o Espiritismo,full-staging-reconstruction,4616,99,split,chapter-aggregate,apresentai-lhe também a outra,Amai os vossos inimigos,506,map-current-progress-to-first-unread-successor,The current record appears to aggregate a larger editorial unit and requires approved successor boundaries.
2,3,O Evangelho Segundo o Espiritismo,full-staging-reconstruction,4617,100,split,chapter-aggregate,A vingança,Amai os vossos inimigos,445,map-current-progress-to-first-unread-successor,The current record appears to aggregate a larger editorial unit and requires approved successor boundaries.
2,3,O Evangelho Segundo o Espiritismo,full-staging-reconstruction,4624,107,split,chapter-aggregate,Dar sem esperar retribuição,Não saiba a vossa mão esquerda o que dê a vossa mão direita,377,map-current-progress-to-first-unread-successor,The current record appears to aggregate a larger editorial unit and requires approved successor boundaries.
2,3,O Evangelho Segundo o Espiritismo,full-staging-reconstruction,4625,108,split,chapter-aggregate,A caridade material e a caridade moral,Não saiba a vossa mão esquerda o que dê a vossa mão direita,847,map-current-progress-to-first-unread-successor,The current record appears to aggregate a larger editorial unit and requires approved successor boundaries.
2,3,O Evangelho Segundo o Espiritismo,full-staging-reconstruction,4627,110,split,chapter-aggregate,A piedade,Não saiba a vossa mão esquerda o que dê a vossa mão direita,466,map-current-progress-to-first-unread-successor,The current record appears to aggregate a larger editorial unit and requires approved successor boundaries.
2,3,O Evangelho Segundo o Espiritismo,full-staging-reconstruction,4628,111,split,chapter-aggregate,Os órfãos,Não saiba a vossa mão esquerda o que dê a vossa mão direita,223,map-current-progress-to-first-unread-successor,The current record appears to aggregate a larger editorial unit and requires approved successor boundaries.
2,3,O Evangelho Segundo o Espiritismo,full-staging-reconstruction,4632,115,split,chapter-aggregate,null,Honrai a vosso pai e a vossa mãe,67,map-current-progress-to-first-unread-successor,The current record appears to aggregate a larger editorial unit and requires approved successor boundaries.
2,3,O Evangelho Segundo o Espiritismo,full-staging-reconstruction,4636,119,split,chapter-aggregate,A ingratidão dos filhos e os laços de família,Honrai a vosso pai e a vossa mãe,1563,map-current-progress-to-first-unread-successor,The current record appears to aggregate a larger editorial unit and requires approved successor boundaries.
2,3,O Evangelho Segundo o Espiritismo,full-staging-reconstruction,4638,121,split,chapter-aggregate,salvo. Parábola do Bom Samaritano,Fora da caridade não há salvação,1072,map-current-progress-to-first-unread-successor,The current record appears to aggregate a larger editorial unit and requires approved successor boundaries.
2,3,O Evangelho Segundo o Espiritismo,full-staging-reconstruction,4641,124,split,chapter-aggregate,da verdade não há salvação,Fora da caridade não há salvação,429,map-current-progress-to-first-unread-successor,The current record appears to aggregate a larger editorial unit and requires approved successor boundaries.
2,3,O Evangelho Segundo o Espiritismo,full-staging-reconstruction,4642,125,split,chapter-aggregate,Fora da caridade não há salvação,Fora da caridade não há salvação,343,map-current-progress-to-first-unread-successor,The current record appears to aggregate a larger editorial unit and requires approved successor boundaries.
2,3,O Evangelho Segundo o Espiritismo,full-staging-reconstruction,4649,132,split,chapter-aggregate,Provas da riqueza e da miséria,Não se pode servir a Deus e a Mamon,751,map-current-progress-to-first-unread-successor,The current record appears to aggregate a larger editorial unit and requires approved successor boundaries.
2,3,O Evangelho Segundo o Espiritismo,full-staging-reconstruction,4651,134,split,chapter-aggregate,A verdadeira propriedade,Não se pode servir a Deus e a Mamon,675,map-current-progress-to-first-unread-successor,The current record appears to aggregate a larger editorial unit and requires approved successor boundaries.
2,3,O Evangelho Segundo o Espiritismo,full-staging-reconstruction,4660,143,split,chapter-aggregate,O dever,Sede perfeitos,435,map-current-progress-to-first-unread-successor,The current record appears to aggregate a larger editorial unit and requires approved successor boundaries.
2,3,O Evangelho Segundo o Espiritismo,full-staging-reconstruction,4668,151,split,chapter-aggregate,Senhor!” — entrarão no Reino dos Céus,"Muitos os chamados, poucos os escolhidos",576,map-current-progress-to-first-unread-successor,The current record appears to aggregate a larger editorial unit and requires approved successor boundaries.
2,3,O Evangelho Segundo o Espiritismo,full-staging-reconstruction,4670,153,split,chapter-aggregate,Dar-se-á àquele que tem,"Muitos os chamados, poucos os escolhidos",593,map-current-progress-to-first-unread-successor,The current record appears to aggregate a larger editorial unit and requires approved successor boundaries.
2,3,O Evangelho Segundo o Espiritismo,full-staging-reconstruction,4676,159,split,chapter-aggregate,A fé: mãe da esperança e da caridade,A fé transporta montanhas,349,map-current-progress-to-first-unread-successor,The current record appears to aggregate a larger editorial unit and requires approved successor boundaries.
2,3,O Evangelho Segundo o Espiritismo,full-staging-reconstruction,4679,162,split,chapter-aggregate,null,Os trabalhadores da última hora,330,map-current-progress-to-first-unread-successor,The current record appears to aggregate a larger editorial unit and requires approved successor boundaries.
2,3,O Evangelho Segundo o Espiritismo,full-staging-reconstruction,4680,163,split,chapter-aggregate,Os últimos serão os primeiros,Os trabalhadores da última hora,734,map-current-progress-to-first-unread-successor,The current record appears to aggregate a larger editorial unit and requires approved successor boundaries.
2,3,O Evangelho Segundo o Espiritismo,full-staging-reconstruction,4688,171,split,chapter-aggregate,Os falsos profetas,Haverá falsos cristos e falsos profetas,488,map-current-progress-to-first-unread-successor,The current record appears to aggregate a larger editorial unit and requires approved successor boundaries.
2,3,O Evangelho Segundo o Espiritismo,full-staging-reconstruction,4698,181,split,chapter-aggregate,de enterrar seus mortos,Estranha moral,280,map-current-progress-to-first-unread-successor,The current record appears to aggregate a larger editorial unit and requires approved successor boundaries.
2,3,O Evangelho Segundo o Espiritismo,full-staging-reconstruction,4701,184,split,chapter-aggregate,fala Jesus por parábolas,Não ponhais a candeia debaixo do alqueire,1115,map-current-progress-to-first-unread-successor,The current record appears to aggregate a larger editorial unit and requires approved successor boundaries.
2,3,O Evangelho Segundo o Espiritismo,full-staging-reconstruction,4703,186,split,chapter-aggregate,que precisam de médico,Não ponhais a candeia debaixo do alqueire,569,map-current-progress-to-first-unread-successor,The current record appears to aggregate a larger editorial unit and requires approved successor boundaries.
2,3,O Evangelho Segundo o Espiritismo,full-staging-reconstruction,4705,188,split,chapter-aggregate,"salvar a vida, perdê-la-á",Não ponhais a candeia debaixo do alqueire,305,map-current-progress-to-first-unread-successor,The current record appears to aggregate a larger editorial unit and requires approved successor boundaries.
2,3,O Evangelho Segundo o Espiritismo,full-staging-reconstruction,4721,204,split,chapter-aggregate,Maneira de orar,Pedi e obtereis,619,map-current-progress-to-first-unread-successor,The current record appears to aggregate a larger editorial unit and requires approved successor boundaries.
2,3,O Evangelho Segundo o Espiritismo,full-staging-reconstruction,4758,241,split,chapter-aggregate,Nota explicativa,Coletânea de preces espíritas,1796,map-current-progress-to-first-unread-successor,The current record appears to aggregate a larger editorial unit and requires approved successor boundaries.
2,4,O Céu e o Inferno,full-staging-reconstruction,4762,4,split,chapter-aggregate,null,O porvir e o nada,2575,map-current-progress-to-first-unread-successor,The current record appears to aggregate a larger editorial unit and requires approved successor boundaries.
2,4,O Céu e o Inferno,full-staging-reconstruction,4767,9,split,chapter-aggregate,null,O céu,3624,map-current-progress-to-first-unread-successor,The current record appears to aggregate a larger editorial unit and requires approved successor boundaries.
2,4,O Céu e o Inferno,full-staging-reconstruction,4775,17,split,chapter-aggregate,null,O purgatório,1635,map-current-progress-to-first-unread-successor,The current record appears to aggregate a larger editorial unit and requires approved successor boundaries.
2,4,O Céu e o Inferno,full-staging-reconstruction,4781,23,split,chapter-aggregate,penas e o pecado original,Doutrina das penas eternas,559,map-current-progress-to-first-unread-successor,The current record appears to aggregate a larger editorial unit and requires approved successor boundaries.
2,4,O Céu e o Inferno,full-staging-reconstruction,4784,26,split,chapter-aggregate,sobre as penas futuras,As penas futuras segundo o Espiritismo,220,map-current-progress-to-first-unread-successor,The current record appears to aggregate a larger editorial unit and requires approved successor boundaries.
2,4,O Céu e o Inferno,full-staging-reconstruction,4795,37,split,chapter-aggregate,null,Intervenção dos demônios nas modernas manifestações,6037,map-current-progress-to-first-unread-successor,The current record appears to aggregate a larger editorial unit and requires approved successor boundaries.
2,4,O Céu e o Inferno,full-staging-reconstruction,4797,39,split,chapter-aggregate,null,Da proibição de evocar os mortos,3279,map-current-progress-to-first-unread-successor,The current record appears to aggregate a larger editorial unit and requires approved successor boundaries.
2,4,O Céu e o Inferno,full-staging-reconstruction,4801,43,split,chapter-aggregate,null,O passamento,2593,map-current-progress-to-first-unread-successor,The current record appears to aggregate a larger editorial unit and requires approved successor boundaries.
2,4,O Céu e o Inferno,full-staging-reconstruction,4804,46,split,chapter-aggregate,I,Espíritos felizes,7,map-current-progress-to-first-unread-successor,The current record appears to aggregate a larger editorial unit and requires approved successor boundaries.
2,4,O Céu e o Inferno,full-staging-reconstruction,4805,47,split,chapter-aggregate,1. evocação.,Espíritos felizes,735,map-current-progress-to-first-unread-successor,The current record appears to aggregate a larger editorial unit and requires approved successor boundaries.
2,4,O Céu e o Inferno,full-staging-reconstruction,4806,48,split,chapter-aggregate,Ii,Espíritos felizes,9,map-current-progress-to-first-unread-successor,The current record appears to aggregate a larger editorial unit and requires approved successor boundaries.
2,4,O Céu e o Inferno,full-staging-reconstruction,4807,49,split,chapter-aggregate,1. evocação.,Espíritos felizes,865,map-current-progress-to-first-unread-successor,The current record appears to aggregate a larger editorial unit and requires approved successor boundaries.
2,4,O Céu e o Inferno,full-staging-reconstruction,4808,50,split,chapter-aggregate,Iii,Espíritos felizes,1165,map-current-progress-to-first-unread-successor,The current record appears to aggregate a larger editorial unit and requires approved successor boundaries.
2,4,O Céu e o Inferno,full-staging-reconstruction,4815,57,split,chapter-aggregate,I,Espíritos felizes,593,map-current-progress-to-first-unread-successor,The current record appears to aggregate a larger editorial unit and requires approved successor boundaries.
2,4,O Céu e o Inferno,full-staging-reconstruction,4816,58,split,chapter-aggregate,Ii,Espíritos felizes,939,map-current-progress-to-first-unread-successor,The current record appears to aggregate a larger editorial unit and requires approved successor boundaries.
2,4,O Céu e o Inferno,full-staging-reconstruction,4817,59,split,chapter-aggregate,Iii,Espíritos felizes,607,map-current-progress-to-first-unread-successor,The current record appears to aggregate a larger editorial unit and requires approved successor boundaries.
2,4,O Céu e o Inferno,full-staging-reconstruction,4822,64,split,chapter-aggregate,Evocação:,Espíritos felizes,595,map-current-progress-to-first-unread-successor,The current record appears to aggregate a larger editorial unit and requires approved successor boundaries.
2,4,O Céu e o Inferno,full-staging-reconstruction,4845,87,split,chapter-aggregate,Comentário de são luís sobre esta comunicação,Espíritos sofredores,140,map-current-progress-to-first-unread-successor,The current record appears to aggregate a larger editorial unit and requires approved successor boundaries.
2,4,O Céu e o Inferno,full-staging-reconstruction,4850,92,split,chapter-aggregate,1. evocação.,Suicidas,713,map-current-progress-to-first-unread-successor,The current record appears to aggregate a larger editorial unit and requires approved successor boundaries.
2,4,O Céu e o Inferno,full-staging-reconstruction,4852,94,split,chapter-aggregate,1. evocação.,Suicidas,732,map-current-progress-to-first-unread-successor,The current record appears to aggregate a larger editorial unit and requires approved successor boundaries.
2,4,O Céu e o Inferno,full-staging-reconstruction,4855,97,split,chapter-aggregate,Evocação da mãe.,Suicidas,732,map-current-progress-to-first-unread-successor,The current record appears to aggregate a larger editorial unit and requires approved successor boundaries.
2,4,O Céu e o Inferno,full-staging-reconstruction,4859,101,split,chapter-aggregate,1. evocação.,Suicidas,1947,map-current-progress-to-first-unread-successor,The current record appears to aggregate a larger editorial unit and requires approved successor boundaries.
2,4,O Céu e o Inferno,full-staging-reconstruction,4861,103,split,chapter-aggregate,Evocação.,Suicidas,1071,map-current-progress-to-first-unread-successor,The current record appears to aggregate a larger editorial unit and requires approved successor boundaries.
2,4,O Céu e o Inferno,full-staging-reconstruction,4863,105,split,chapter-aggregate,1. evocação.,Suicidas,972,map-current-progress-to-first-unread-successor,The current record appears to aggregate a larger editorial unit and requires approved successor boundaries.
2,4,O Céu e o Inferno,full-staging-reconstruction,4866,108,split,chapter-aggregate,1. evocação.,Criminosos arrependidos,1037,map-current-progress-to-first-unread-successor,The current record appears to aggregate a larger editorial unit and requires approved successor boundaries.
2,4,O Céu e o Inferno,full-staging-reconstruction,4868,110,split,chapter-aggregate,1. evocação.,Criminosos arrependidos,750,map-current-progress-to-first-unread-successor,The current record appears to aggregate a larger editorial unit and requires approved successor boundaries.
2,4,O Céu e o Inferno,full-staging-reconstruction,4872,114,split,chapter-aggregate,I,Criminosos arrependidos,356,map-current-progress-to-first-unread-successor,The current record appears to aggregate a larger editorial unit and requires approved successor boundaries.
2,4,O Céu e o Inferno,full-staging-reconstruction,4873,115,split,chapter-aggregate,Ii,Criminosos arrependidos,159,map-current-progress-to-first-unread-successor,The current record appears to aggregate a larger editorial unit and requires approved successor boundaries.
2,4,O Céu e o Inferno,full-staging-reconstruction,4874,116,split,chapter-aggregate,Iii,Criminosos arrependidos,207,map-current-progress-to-first-unread-successor,The current record appears to aggregate a larger editorial unit and requires approved successor boundaries.
2,4,O Céu e o Inferno,full-staging-reconstruction,4875,117,split,chapter-aggregate,Iv,Criminosos arrependidos,2394,map-current-progress-to-first-unread-successor,The current record appears to aggregate a larger editorial unit and requires approved successor boundaries.
2,4,O Céu e o Inferno,full-staging-reconstruction,4878,120,split,chapter-aggregate,I,Espíritos endurecidos,322,map-current-progress-to-first-unread-successor,The current record appears to aggregate a larger editorial unit and requires approved successor boundaries.
2,4,O Céu e o Inferno,full-staging-reconstruction,4879,121,split,chapter-aggregate,Ii,Espíritos endurecidos,442,map-current-progress-to-first-unread-successor,The current record appears to aggregate a larger editorial unit and requires approved successor boundaries.
2,4,O Céu e o Inferno,full-staging-reconstruction,4880,122,split,chapter-aggregate,Iii,Espíritos endurecidos,471,map-current-progress-to-first-unread-successor,The current record appears to aggregate a larger editorial unit and requires approved successor boundaries.
2,4,O Céu e o Inferno,full-staging-reconstruction,4892,134,split,chapter-aggregate,1. evocação.,Expiações terrestres,862,map-current-progress-to-first-unread-successor,The current record appears to aggregate a larger editorial unit and requires approved successor boundaries.
2,4,O Céu e o Inferno,full-staging-reconstruction,4896,138,split,chapter-aggregate,3. evocação de charles.,Expiações terrestres,354,map-current-progress-to-first-unread-successor,The current record appears to aggregate a larger editorial unit and requires approved successor boundaries.
2,4,O Céu e o Inferno,full-staging-reconstruction,4897,139,split,chapter-aggregate,Dada na sociedade de paris,Expiações terrestres,1008,map-current-progress-to-first-unread-successor,The current record appears to aggregate a larger editorial unit and requires approved successor boundaries.
2,4,O Céu e o Inferno,full-staging-reconstruction,4900,142,split,chapter-aggregate,1. evocação.,Expiações terrestres,758,map-current-progress-to-first-unread-successor,The current record appears to aggregate a larger editorial unit and requires approved successor boundaries.
2,4,O Céu e o Inferno,full-staging-reconstruction,4904,146,split,chapter-aggregate,Nota explicativa,Expiações terrestres,1800,map-current-progress-to-first-unread-successor,The current record appears to aggregate a larger editorial unit and requires approved successor boundaries.
2,5,A Gênese,targeted-staging-reconstruction,4908,4,split,chapter-aggregate,null,Caráter da revelação espírita,13080,map-current-progress-to-first-unread-successor,The current record appears to aggregate a larger editorial unit and requires approved successor boundaries.
2,5,A Gênese,targeted-staging-reconstruction,4919,15,split,chapter-aggregate,null,Papel da Ciência na Gênese,2672,map-current-progress-to-first-unread-successor,The current record appears to aggregate a larger editorial unit and requires approved successor boundaries.
2,5,A Gênese,targeted-staging-reconstruction,4921,17,split,chapter-aggregate,null,Antigos e modernos sistemas do mundo,2699,map-current-progress-to-first-unread-successor,The current record appears to aggregate a larger editorial unit and requires approved successor boundaries.
2,5,A Gênese,targeted-staging-reconstruction,4945,41,split,chapter-aggregate,Nascimento do homem,Esboço geológico da Terra,535,map-current-progress-to-first-unread-successor,The current record appears to aggregate a larger editorial unit and requires approved successor boundaries.
2,5,A Gênese,targeted-staging-reconstruction,4972,68,split,chapter-aggregate,Doutrina dos anjos decaídos e,Gênese espiritual,1,map-current-progress-to-first-unread-successor,The current record appears to aggregate a larger editorial unit and requires approved successor boundaries.
2,5,A Gênese,targeted-staging-reconstruction,4973,69,split,chapter-aggregate,da perda do paraíso,Gênese espiritual,1708,map-current-progress-to-first-unread-successor,The current record appears to aggregate a larger editorial unit and requires approved successor boundaries.
2,5,A Gênese,targeted-staging-reconstruction,4987,83,split,chapter-aggregate,fluídicas. Fotografia do pensamento,Os fluidos,759,map-current-progress-to-first-unread-successor,The current record appears to aggregate a larger editorial unit and requires approved successor boundaries.
2,5,A Gênese,targeted-staging-reconstruction,4989,85,split,chapter-aggregate,vista. Sonambulismo. Sonhos,Os fluidos,1413,map-current-progress-to-first-unread-successor,The current record appears to aggregate a larger editorial unit and requires approved successor boundaries.
2,5,A Gênese,targeted-staging-reconstruction,5029,125,split,chapter-aggregate,null,Teoria da presciência,3458,map-current-progress-to-first-unread-successor,The current record appears to aggregate a larger editorial unit and requires approved successor boundaries.
2,5,A Gênese,targeted-staging-reconstruction,5050,146,split,chapter-aggregate,Nota explicativa,São chegados os tempos,1798,map-current-progress-to-first-unread-successor,The current record appears to aggregate a larger editorial unit and requires approved successor boundaries.
3,1,O Livro dos Espíritos,full-staging-reconstruction,4160,18,reclassify,exact,Prolegômenos,Prolegômenos,903,retain-current-section-id-if-boundary-unchanged,"The record likely represents front matter, back matter, or a major division stored as regular content."
3,3,O Evangelho Segundo o Espiritismo,full-staging-reconstruction,4518,1,reclassify,exact,Explicação,Explicação,142,retain-current-section-id-if-boundary-unchanged,"The record likely represents front matter, back matter, or a major division stored as regular content."
3,3,O Evangelho Segundo o Espiritismo,full-staging-reconstruction,4519,2,reclassify,exact,Prefácio,Prefácio,199,retain-current-section-id-if-boundary-unchanged,"The record likely represents front matter, back matter, or a major division stored as regular content."
