"decision_id","inspection_id","packet_id","book_id","book_slug","segment_key","segment_order","display_title","inspection_lane","review_reasons","decision_options","required_evidence","review_page_start","review_page_end","current_printed_page","successor_printed_page","review_status","selected_decision","source_pdf_page_reviewed","printed_page_reviewed","visible_prose_presence","successor_anchor_type","locator_type","locator_value","reviewer_confidence","review_completed_at"
"55a707da2697fdbc75ed6026","2348e64b4b3a4029ea2c12ab","container-intro-only-book-1-packet-01","1","o-livro-dos-espiritos","a3d180e5c494585ecaa9a8c9","4","PARTE PRIMEIRA — Das causas primárias","container-intro-only","container-intro-boundary","retain-intro-segment|merge-intro-with-successor|exclude-structural-heading|unresolved","source_pdf_page_reviewed|visible_prose_presence|selected_decision|reviewer_confidence","6","6","","55","pending","","","","","","","","",""
"bd93d0a79af0c6ac89621b9b","951bde717f873c51c4bf35c4","container-intro-only-book-1-packet-01","1","o-livro-dos-espiritos","005ffe831efc9eafe3feefe7","26","PARTE SEGUNDA — Do mundo espírita ou mundo dos Espíritos","container-intro-only","container-intro-boundary","retain-intro-segment|merge-intro-with-successor|exclude-structural-heading|unresolved","source_pdf_page_reviewed|visible_prose_presence|selected_decision|reviewer_confidence","6","6","","85","pending","","","","","","","","",""
"7ed50cfb0fbbb85ff6f4e8cc","16c8a3f3f0b322d244c4f6b8","container-intro-only-book-1-packet-01","1","o-livro-dos-espiritos","d709f621f896bf4419b76509","105","PARTE TERCEIRA — Das leis morais","container-intro-only","container-intro-boundary","retain-intro-segment|merge-intro-with-successor|exclude-structural-heading|unresolved","source_pdf_page_reviewed|visible_prose_presence|selected_decision|reviewer_confidence","8","8","","295","pending","","","","","","","","",""
"7780bb1dfb70480efab07063","98163bcd16227fc4997caf7e","container-intro-only-book-1-packet-01","1","o-livro-dos-espiritos","68d35864698f00302a76550b","180","PARTE QUARTA — Das esperanças e consolações","container-intro-only","container-intro-boundary","retain-intro-segment|merge-intro-with-successor|exclude-structural-heading|unresolved","source_pdf_page_reviewed|visible_prose_presence|selected_decision|reviewer_confidence","9","9","","413","pending","","","","","","","","",""
"db8485152ac6cd56305ce7ad","5ab7ab2f1bf300f100a3c57e","container-intro-only-book-2-packet-01","2","o-livro-dos-mediuns","451877fb2e9043922a604180","3","PRIMEIRA PARTE — Noções preliminares","container-intro-only","container-intro-boundary","retain-intro-segment|merge-intro-with-successor|exclude-structural-heading|unresolved","source_pdf_page_reviewed|visible_prose_presence|selected_decision|reviewer_confidence","6","6","","17","pending","","","","","","","","",""
"2c2dc1ac3460e74a5026421d","60422ae0f1f071d51a942b93","container-intro-only-book-2-packet-01","2","o-livro-dos-mediuns","e3750489416607a8779a506c","15","SEGUNDA PARTE — Das manifestações espíritas","container-intro-only","container-intro-boundary","retain-intro-segment|merge-intro-with-successor|exclude-structural-heading|unresolved","source_pdf_page_reviewed|visible_prose_presence|selected_decision|reviewer_confidence","6","6","","63","pending","","","","","","","","",""
"c2744f1a1e5cd5fb451399d1","5cb2b634d6f527f00c235e84","container-intro-only-book-2-packet-01","2","o-livro-dos-mediuns","7370c0c547b6e99a9f02cfd9","46","Da natureza das comunicações","container-intro-only","container-intro-boundary","retain-intro-segment|merge-intro-with-successor|exclude-structural-heading|unresolved","source_pdf_page_reviewed|visible_prose_presence|selected_decision|reviewer_confidence","7","7","151","","pending","","","","","","","","",""
"9e019d1134860396a3442342","d9e313f2c0d4ce15e5dd9888","container-intro-only-book-2-packet-01","2","o-livro-dos-mediuns","3e2862b193da5ea95fc0acee","70","Da formação dos médiuns","container-intro-only","container-intro-boundary","retain-intro-segment|merge-intro-with-successor|exclude-structural-heading|unresolved","source_pdf_page_reviewed|visible_prose_presence|selected_decision|reviewer_confidence","8","8","207","","pending","","","","","","","","",""
"13fe9e4b4790ba5a9763de50","69e80d17d0314c5007a7d9ac","container-intro-only-book-2-packet-01","2","o-livro-dos-mediuns","45cf2cc25a379e6c068dbcc7","94","Da identidade dos Espíritos","container-intro-only","container-intro-boundary","retain-intro-segment|merge-intro-with-successor|exclude-structural-heading|unresolved","source_pdf_page_reviewed|visible_prose_presence|selected_decision|reviewer_confidence","8","8","273","","pending","","","","","","","","",""
"dc6aa9ca83cc0adce9732111","1173a7cfd3d5fdd13c48cc5f","container-intro-only-book-2-packet-01","2","o-livro-dos-mediuns","0df37af09ff41ce78a93fca0","98","Das evocações","container-intro-only","container-intro-boundary","retain-intro-segment|merge-intro-with-successor|exclude-structural-heading|unresolved","source_pdf_page_reviewed|visible_prose_presence|selected_decision|reviewer_confidence","8","8","291","","pending","","","","","","","","",""
"0e3166bd2ca498e63667cd57","d862712e156d2caa76857daf","container-intro-only-book-2-packet-01","2","o-livro-dos-mediuns","d25afe84b978d277e4502e1c","107","Das perguntas que se podem fazer aos Espíritos","container-intro-only","container-intro-boundary","retain-intro-segment|merge-intro-with-successor|exclude-structural-heading|unresolved","source_pdf_page_reviewed|visible_prose_presence|selected_decision|reviewer_confidence","9","9","317","","pending","","","","","","","","",""
"a0b8368df9752efbf458c0a6","8693de5ed562fbcce0fd2037","container-intro-only-book-2-packet-01","2","o-livro-dos-mediuns","1cade84bc2a1f17af5796ef8","119","Do charlatanismo e do embuste","container-intro-only","container-intro-boundary","retain-intro-segment|merge-intro-with-successor|exclude-structural-heading|unresolved","source_pdf_page_reviewed|visible_prose_presence|selected_decision|reviewer_confidence","9","9","343","","pending","","","","","","","","",""
"d5a57f0853651ab43732af3b","ede8ce78f3c29fcb79bc5e17","container-intro-only-book-2-packet-01","2","o-livro-dos-mediuns","dde19d4ee577c5c0c4d51a50","122","Das reuniões e das Sociedades Espíritas","container-intro-only","container-intro-boundary","retain-intro-segment|merge-intro-with-successor|exclude-structural-heading|unresolved","source_pdf_page_reviewed|visible_prose_presence|selected_decision|reviewer_confidence","9","9","353","","pending","","","","","","","","",""
"f2bff0a165605794c5b6066c","a307e5d2380dae68b790e497","container-intro-only-book-3-packet-01","3","o-evangelho-segundo-o-espiritismo","f026ae4f95969ab96c88c2ac","163","Não separeis o que Deus juntou","container-intro-only","container-intro-boundary","retain-intro-segment|merge-intro-with-successor|exclude-structural-heading|unresolved","source_pdf_page_reviewed|visible_prose_presence|selected_decision|reviewer_confidence","9","9","277","","pending","","","","","","","","",""
"5dfd679f9d1d2145cf8b6d40","c23cec50aede1df2e634d0af","container-intro-only-book-3-packet-01","3","o-evangelho-segundo-o-espiritismo","67f61955dad711b936e5f59e","177","Buscai e achareis","container-intro-only","container-intro-boundary","retain-intro-segment|merge-intro-with-successor|exclude-structural-heading|unresolved","source_pdf_page_reviewed|visible_prose_presence|selected_decision|reviewer_confidence","10","10","299","","pending","","","","","","","","",""
"f0eb9634f4633149d54d8636","37148ad1940e78bd8325a7e9","container-intro-only-book-3-packet-01","3","o-evangelho-segundo-o-espiritismo","8f9201f1456b853f349fcb41","181","Dai gratuitamente o que gratuitamente recebestes","container-intro-only","container-intro-boundary","retain-intro-segment|merge-intro-with-successor|exclude-structural-heading|unresolved","source_pdf_page_reviewed|visible_prose_presence|selected_decision|reviewer_confidence","10","10","305","","pending","","","","","","","","",""
"eefaf7ea3e6b9ec00c996d76","ef5fd9eb7d107017d7111dd9","container-intro-only-book-4-packet-01","4","o-ceu-e-o-inferno","ef828749e83d6cc8558e5737","1","PRIMEIRA PARTE — Doutrina","container-intro-only","container-intro-boundary","retain-intro-segment|merge-intro-with-successor|exclude-structural-heading|unresolved","source_pdf_page_reviewed|visible_prose_presence|selected_decision|reviewer_confidence","6","6","","11","pending","","","","","","","","",""
"98ea0f87163a55c53953c416","f5b45bee3464fd921bc0a7a3","container-intro-only-book-4-packet-01","4","o-ceu-e-o-inferno","5382690e2426da4ee3978f67","34","SEGUNDA PARTE — Exemplos","container-intro-only","container-intro-boundary","retain-intro-segment|merge-intro-with-successor|exclude-structural-heading|unresolved","source_pdf_page_reviewed|visible_prose_presence|selected_decision|reviewer_confidence","7","7","","151","pending","","","","","","","","",""
"332d75ef59fe14cf458b25b9","c9ed22dddc5806d58a224dc8","container-intro-same-page-book-1-packet-01","1","o-livro-dos-espiritos","0974c4855ff81772209f63dd","5","De Deus","container-intro-same-page","container-intro-boundary|same-page-successor-boundary","retain-intro-and-confirm-successor-start|merge-intro-with-successor|exclude-structural-heading|adjust-successor-start|unresolved","source_pdf_page_reviewed|visible_prose_presence|successor_anchor_type|selected_decision|reviewer_confidence","6","6","55","55","pending","","","","","","","","",""
"bb243a7ca273bb91e3f904cd","cb6a5e7315cee652db1815af","container-intro-same-page-book-1-packet-01","1","o-livro-dos-espiritos","5e1078f260731224f9ea5c50","10","Dos elementos gerais do Universo","container-intro-same-page","container-intro-boundary|same-page-successor-boundary","retain-intro-and-confirm-successor-start|merge-intro-with-successor|exclude-structural-heading|adjust-successor-start|unresolved","source_pdf_page_reviewed|visible_prose_presence|successor_anchor_type|selected_decision|reviewer_confidence","6","6","61","61","pending","","","","","","","","",""
"a97e006e5d0fbd43513f5bfe","4eec462142a5b414790a3ed2","container-intro-same-page-book-1-packet-01","1","o-livro-dos-espiritos","f29485d36682a7ecfafed5b2","22","Do princípio vital","container-intro-same-page","container-intro-boundary|same-page-successor-boundary","retain-intro-and-confirm-successor-start|merge-intro-with-successor|exclude-structural-heading|adjust-successor-start|unresolved","source_pdf_page_reviewed|visible_prose_presence|successor_anchor_type|selected_decision|reviewer_confidence","6","6","77","77","pending","","","","","","","","",""
"049b905fa87c84e1d38b415e","c99a26a44ac604389a77b2f4","container-intro-same-page-book-1-packet-01","1","o-livro-dos-espiritos","aa17779baca79e9ead8a975d","27","Dos Espíritos","container-intro-same-page","container-intro-boundary|same-page-successor-boundary","retain-intro-and-confirm-successor-start|merge-intro-with-successor|exclude-structural-heading|adjust-successor-start|unresolved","source_pdf_page_reviewed|visible_prose_presence|successor_anchor_type|selected_decision|reviewer_confidence","6","6","85","85","pending","","","","","","","","",""
"29c98474e5a469628ef10edb","f376276385ec0dc93eeefce2","container-intro-same-page-book-1-packet-01","1","o-livro-dos-espiritos","6ee63ec04cb3364032a4d703","39","Da encarnação dos Espíritos","container-intro-same-page","container-intro-boundary|same-page-successor-boundary","retain-intro-and-confirm-successor-start|merge-intro-with-successor|exclude-structural-heading|adjust-successor-start|unresolved","source_pdf_page_reviewed|visible_prose_presence|successor_anchor_type|selected_decision|reviewer_confidence","7","7","105","105","pending","","","","","","","","",""
"65b0845f87347edc42937684","9cf1afa4a92416e5cfe9a60d","container-intro-same-page-book-1-packet-01","1","o-livro-dos-espiritos","db8bb3a8b36c8c95b97c00e0","43","Da volta do Espírito, extinta a vida corpórea, à vida espiritual","container-intro-same-page","container-intro-boundary|same-page-successor-boundary","retain-intro-and-confirm-successor-start|merge-intro-with-successor|exclude-structural-heading|adjust-successor-start|unresolved","source_pdf_page_reviewed|visible_prose_presence|successor_anchor_type|selected_decision|reviewer_confidence","7","7","115","115","pending","","","","","","","","",""
"62667f24aa83a7cdbc8ae22e","a2200edc6c64a40ae76e5613","container-intro-same-page-book-1-packet-01","1","o-livro-dos-espiritos","f0ac467d6c6e4e4f0baf7fe1","47","Da pluralidade das existências","container-intro-same-page","container-intro-boundary|same-page-successor-boundary","retain-intro-and-confirm-successor-start|merge-intro-with-successor|exclude-structural-heading|adjust-successor-start|unresolved","source_pdf_page_reviewed|visible_prose_presence|successor_anchor_type|selected_decision|reviewer_confidence","7","7","123","123","pending","","","","","","","","",""
"b253ce0851346030871d3403","15dc4605326bf08c7dbd05ef","container-intro-same-page-book-1-packet-01","1","o-livro-dos-espiritos","2f3e67c9f34c474e73bcf639","68","Da volta do Espírito à vida corporal","container-intro-same-page","container-intro-boundary|same-page-successor-boundary","retain-intro-and-confirm-successor-start|merge-intro-with-successor|exclude-structural-heading|adjust-successor-start|unresolved","source_pdf_page_reviewed|visible_prose_presence|successor_anchor_type|selected_decision|reviewer_confidence","7","7","191","191","pending","","","","","","","","",""
"2831c1c1c8a13b20bebc5eed","8028f192209a18372d0ec346","container-intro-same-page-book-1-packet-01","1","o-livro-dos-espiritos","4c72b47f1cf2e2b58a02c44e","77","Da emancipação da alma","container-intro-same-page","container-intro-boundary|same-page-successor-boundary","retain-intro-and-confirm-successor-start|merge-intro-with-successor|exclude-structural-heading|adjust-successor-start|unresolved","source_pdf_page_reviewed|visible_prose_presence|successor_anchor_type|selected_decision|reviewer_confidence","7","7","215","215","pending","","","","","","","","",""
"a66084596071328a29e0e0e9","2c9929ae877b08eb1c100e50","container-intro-same-page-book-1-packet-01","1","o-livro-dos-espiritos","847140d127f8ddf39e438fd9","101","Dos três reinos","container-intro-same-page","container-intro-boundary|same-page-successor-boundary","retain-intro-and-confirm-successor-start|merge-intro-with-successor|exclude-structural-heading|adjust-successor-start|unresolved","source_pdf_page_reviewed|visible_prose_presence|successor_anchor_type|selected_decision|reviewer_confidence","8","8","281","281","pending","","","","","","","","",""
"b74c0af3ede05af6bf151e90","1f231905bd4661a48e95de85","container-intro-same-page-book-1-packet-01","1","o-livro-dos-espiritos","f1231ff81195f3fa0895a09e","106","Da lei divina ou natural","container-intro-same-page","container-intro-boundary|same-page-successor-boundary","retain-intro-and-confirm-successor-start|merge-intro-with-successor|exclude-structural-heading|adjust-successor-start|unresolved","source_pdf_page_reviewed|visible_prose_presence|successor_anchor_type|selected_decision|reviewer_confidence","8","8","295","295","pending","","","","","","","","",""
"423f4facad8f99a13787ecd8","7b12efbd664e1acd29b6aec1","container-intro-same-page-book-1-packet-01","1","o-livro-dos-espiritos","b5ee4fd7d0855519a9c77d25","111","Da lei de adoração","container-intro-same-page","container-intro-boundary|same-page-successor-boundary","retain-intro-and-confirm-successor-start|merge-intro-with-successor|exclude-structural-heading|adjust-successor-start|unresolved","source_pdf_page_reviewed|visible_prose_presence|successor_anchor_type|selected_decision|reviewer_confidence","8","8","305","305","pending","","","","","","","","",""
"9f156279ed4b213aed98c7d4","cc916155469ae70b9d938cf6","container-intro-same-page-book-1-packet-01","1","o-livro-dos-espiritos","d3e0088557e9bffc9f03ce16","118","Da lei do trabalho","container-intro-same-page","container-intro-boundary|same-page-successor-boundary","retain-intro-and-confirm-successor-start|merge-intro-with-successor|exclude-structural-heading|adjust-successor-start|unresolved","source_pdf_page_reviewed|visible_prose_presence|successor_anchor_type|selected_decision|reviewer_confidence","8","8","317","317","pending","","","","","","","","",""
"a90c5bd7f947fa065f69ded7","b09eb638fb3c6e0c1bede92b","container-intro-same-page-book-1-packet-01","1","o-livro-dos-espiritos","cbe5e7101232bd957c49e30b","121","Da lei de reprodução","container-intro-same-page","container-intro-boundary|same-page-successor-boundary","retain-intro-and-confirm-successor-start|merge-intro-with-successor|exclude-structural-heading|adjust-successor-start|unresolved","source_pdf_page_reviewed|visible_prose_presence|successor_anchor_type|selected_decision|reviewer_confidence","8","8","321","321","pending","","","","","","","","",""
"5fbe1c9de8a6aba3a65278b9","89436c19d5a926d49e22a8a0","container-intro-same-page-book-1-packet-01","1","o-livro-dos-espiritos","7a3ce00315ec0a8bc3212322","127","Da lei de conservação","container-intro-same-page","container-intro-boundary|same-page-successor-boundary","retain-intro-and-confirm-successor-start|merge-intro-with-successor|exclude-structural-heading|adjust-successor-start|unresolved","source_pdf_page_reviewed|visible_prose_presence|successor_anchor_type|selected_decision|reviewer_confidence","8","8","327","327","pending","","","","","","","","",""
"137e43bff2eb4b3727082dee","163157550f0fa244c6d6bda7","container-intro-same-page-book-1-packet-01","1","o-livro-dos-espiritos","632fe546f78ac36f7ab54266","133","Da lei de destruição","container-intro-same-page","container-intro-boundary|same-page-successor-boundary","retain-intro-and-confirm-successor-start|merge-intro-with-successor|exclude-structural-heading|adjust-successor-start|unresolved","source_pdf_page_reviewed|visible_prose_presence|successor_anchor_type|selected_decision|reviewer_confidence","9","9","335","335","pending","","","","","","","","",""
"ffc1cfaf9ed26c7c3f69ef03","7035d576214b53154c0ec900","container-intro-same-page-book-1-packet-01","1","o-livro-dos-espiritos","740ed56a085f9249e88041f2","141","Da lei de sociedade","container-intro-same-page","container-intro-boundary|same-page-successor-boundary","retain-intro-and-confirm-successor-start|merge-intro-with-successor|exclude-structural-heading|adjust-successor-start|unresolved","source_pdf_page_reviewed|visible_prose_presence|successor_anchor_type|selected_decision|reviewer_confidence","9","9","347","347","pending","","","","","","","","",""
"70ca141a7256eeb16c651b10","e02fa42b122e860c7911dd8d","container-intro-same-page-book-1-packet-01","1","o-livro-dos-espiritos","1df74b6839d2b7fad9a18bb3","145","Da lei do progresso","container-intro-same-page","container-intro-boundary|same-page-successor-boundary","retain-intro-and-confirm-successor-start|merge-intro-with-successor|exclude-structural-heading|adjust-successor-start|unresolved","source_pdf_page_reviewed|visible_prose_presence|successor_anchor_type|selected_decision|reviewer_confidence","9","9","351","351","pending","","","","","","","","",""
"a993ddc89e737ab6dec1b725","6fdbb32c46c723156ca1f5e8","container-intro-same-page-book-1-packet-01","1","o-livro-dos-espiritos","23cb579b9ce697747236822a","152","Da lei de igualdade","container-intro-same-page","container-intro-boundary|same-page-successor-boundary","retain-intro-and-confirm-successor-start|merge-intro-with-successor|exclude-structural-heading|adjust-successor-start|unresolved","source_pdf_page_reviewed|visible_prose_presence|successor_anchor_type|selected_decision|reviewer_confidence","9","9","363","363","pending","","","","","","","","",""
"be694c1582f646c212bd9be3","64b62106b2f06a5c98491f10","container-intro-same-page-book-1-packet-01","1","o-livro-dos-espiritos","a769078e8dfe76c417ff30ac","160","Da lei de liberdade","container-intro-same-page","container-intro-boundary|same-page-successor-boundary","retain-intro-and-confirm-successor-start|merge-intro-with-successor|exclude-structural-heading|adjust-successor-start|unresolved","source_pdf_page_reviewed|visible_prose_presence|successor_anchor_type|selected_decision|reviewer_confidence","9","9","371","371","pending","","","","","","","","",""
"2bc61c5678bd1f7419297bd8","5dbf4d4909caabad7a7da356","container-intro-same-page-book-1-packet-02","1","o-livro-dos-espiritos","e3005337277b129ef1f59aca","169","Da lei de justiça, de amor e de caridade","container-intro-same-page","container-intro-boundary|same-page-successor-boundary","retain-intro-and-confirm-successor-start|merge-intro-with-successor|exclude-structural-heading|adjust-successor-start|unresolved","source_pdf_page_reviewed|visible_prose_presence|successor_anchor_type|selected_decision|reviewer_confidence","9","9","389","389","pending","","","","","","","","",""
"bf51475c895992c1a2986e93","16f86368b89d13da1195c5cb","container-intro-same-page-book-1-packet-02","1","o-livro-dos-espiritos","c9235ca7dec397e12d501623","174","Da perfeição moral","container-intro-same-page","container-intro-boundary|same-page-successor-boundary","retain-intro-and-confirm-successor-start|merge-intro-with-successor|exclude-structural-heading|adjust-successor-start|unresolved","source_pdf_page_reviewed|visible_prose_presence|successor_anchor_type|selected_decision|reviewer_confidence","9","9","397","397","pending","","","","","","","","",""
"d7966621eb146abc29b7ee4d","f86c62a6e7cf5d78e9820a29","container-intro-same-page-book-1-packet-02","1","o-livro-dos-espiritos","af72f1d6af0f8deb0a13360c","181","Das penas e gozos terrestres","container-intro-same-page","container-intro-boundary|same-page-successor-boundary","retain-intro-and-confirm-successor-start|merge-intro-with-successor|exclude-structural-heading|adjust-successor-start|unresolved","source_pdf_page_reviewed|visible_prose_presence|successor_anchor_type|selected_decision|reviewer_confidence","9","9","413","413","pending","","","","","","","","",""
"2f018e3836894750b3969ed6","2aacf10a9fb6ff6bf0525bd6","container-intro-same-page-book-4-packet-01","4","o-ceu-e-o-inferno","8e9626db621b38dd240f023d","3","Temor da morte","container-intro-same-page","container-intro-boundary|same-page-successor-boundary","retain-intro-and-confirm-successor-start|merge-intro-with-successor|exclude-structural-heading|adjust-successor-start|unresolved","source_pdf_page_reviewed|visible_prose_presence|successor_anchor_type|selected_decision|reviewer_confidence","6","6","19","19","pending","","","","","","","","",""
"c333eae4e1be5b5cbd94e0e7","bedfaf63580fbd88772461b8","container-intro-same-page-book-4-packet-01","4","o-ceu-e-o-inferno","c4aa4ec13bb0a5eddb05893a","7","O inferno","container-intro-same-page","container-intro-boundary|same-page-successor-boundary","retain-intro-and-confirm-successor-start|merge-intro-with-successor|exclude-structural-heading|adjust-successor-start|unresolved","source_pdf_page_reviewed|visible_prose_presence|successor_anchor_type|selected_decision|reviewer_confidence","6","6","37","37","pending","","","","","","","","",""
"196593ec2ca8c817f828f8d4","26567a2bca2248340b299601","container-intro-same-page-book-4-packet-01","4","o-ceu-e-o-inferno","9acd30a0517e99c916370355","24","Os anjos","container-intro-same-page","container-intro-boundary|same-page-successor-boundary","retain-intro-and-confirm-successor-start|merge-intro-with-successor|exclude-structural-heading|adjust-successor-start|unresolved","source_pdf_page_reviewed|visible_prose_presence|successor_anchor_type|selected_decision|reviewer_confidence","6","6","93","93","pending","","","","","","","","",""
"6f34b4f300b270cbce61539e","04664813d0e9f46407a706d7","container-intro-same-page-book-4-packet-01","4","o-ceu-e-o-inferno","544eb4008b02ec5d4f1b0c0a","28","Os demônios","container-intro-same-page","container-intro-boundary|same-page-successor-boundary","retain-intro-and-confirm-successor-start|merge-intro-with-successor|exclude-structural-heading|adjust-successor-start|unresolved","source_pdf_page_reviewed|visible_prose_presence|successor_anchor_type|selected_decision|reviewer_confidence","6","6","105","105","pending","","","","","","","","",""
"902821ca471f0e1c95d84d4d","65be44421a5032a3e9911207","container-intro-same-page-book-4-packet-01","4","o-ceu-e-o-inferno","16fbb4387179c1ab2df992e7","54","Espíritos em condições medianas","container-intro-same-page","container-intro-boundary|same-page-successor-boundary","retain-intro-and-confirm-successor-start|merge-intro-with-successor|exclude-structural-heading|adjust-successor-start|unresolved","source_pdf_page_reviewed|visible_prose_presence|successor_anchor_type|selected_decision|reviewer_confidence","7","7","219","219","pending","","","","","","","","",""
"f367556a53b2b0ee7e5a2a58","d84649d6819a55d5a92ebd96","container-intro-same-page-book-5-packet-01","5","a-genese","23007dc1fc187a6815c513fe","4","Deus","container-intro-same-page","container-intro-boundary|same-page-successor-boundary","retain-intro-and-confirm-successor-start|merge-intro-with-successor|exclude-structural-heading|adjust-successor-start|unresolved","source_pdf_page_reviewed|visible_prose_presence|successor_anchor_type|selected_decision|reviewer_confidence","6","6","49","49","pending","","","","","","","","",""
"da6310517cd402fe53dc37d4","8a9002840aa78d47b4a76905","container-intro-same-page-book-5-packet-01","5","a-genese","7adc963866a7a8f0e4032223","9","O bem e o mal","container-intro-same-page","container-intro-boundary|same-page-successor-boundary","retain-intro-and-confirm-successor-start|merge-intro-with-successor|exclude-structural-heading|adjust-successor-start|unresolved","source_pdf_page_reviewed|visible_prose_presence|successor_anchor_type|selected_decision|reviewer_confidence","6","6","63","63","pending","","","","","","","","",""
"a56eb8ec45fe8930d3b01a9a","371272c457fc15fcdf02563a","container-intro-same-page-book-5-packet-01","5","a-genese","f754887de0b4ba992aa5b65d","15","Uranografia geral","container-intro-same-page","container-intro-boundary|same-page-successor-boundary","retain-intro-and-confirm-successor-start|merge-intro-with-successor|exclude-structural-heading|adjust-successor-start|unresolved","source_pdf_page_reviewed|visible_prose_presence|successor_anchor_type|selected_decision|reviewer_confidence","6","6","91","91","pending","","","","","","","","",""
"114f1f148a5da0e49fe85521","e446917550fe8fbe7abb8beb","container-intro-same-page-book-5-packet-01","5","a-genese","6d5e399b0300c55668d17cd6","39","Teorias sobre a formação da Terra","container-intro-same-page","container-intro-boundary|same-page-successor-boundary","retain-intro-and-confirm-successor-start|merge-intro-with-successor|exclude-structural-heading|adjust-successor-start|unresolved","source_pdf_page_reviewed|visible_prose_presence|successor_anchor_type|selected_decision|reviewer_confidence","6","6","147","147","pending","","","","","","","","",""
"dbfae784ef30096122326183","5f4dadf39dda09fb146a87fb","container-intro-same-page-book-5-packet-01","5","a-genese","9178279f438d3b63471c0b0b","44","Revoluções do globo","container-intro-same-page","container-intro-boundary|same-page-successor-boundary","retain-intro-and-confirm-successor-start|merge-intro-with-successor|exclude-structural-heading|adjust-successor-start|unresolved","source_pdf_page_reviewed|visible_prose_presence|successor_anchor_type|selected_decision|reviewer_confidence","7","7","155","155","pending","","","","","","","","",""
"fb74b70d1dd0a118b6df28ea","617face270821ad719a91a5d","container-intro-same-page-book-5-packet-01","5","a-genese","b0f495272843306f365ee87b","51","Gênese orgânica","container-intro-same-page","container-intro-boundary|same-page-successor-boundary","retain-intro-and-confirm-successor-start|merge-intro-with-successor|exclude-structural-heading|adjust-successor-start|unresolved","source_pdf_page_reviewed|visible_prose_presence|successor_anchor_type|selected_decision|reviewer_confidence","7","7","167","167","pending","","","","","","","","",""
"3748e1c96fc01aa4a63b481e","b589b60b13a98cc6e598fd34","container-intro-same-page-book-5-packet-01","5","a-genese","b427f6b67bcd303e7f143fad","66","Gênese moisaica","container-intro-same-page","container-intro-boundary|same-page-successor-boundary","retain-intro-and-confirm-successor-start|merge-intro-with-successor|exclude-structural-heading|adjust-successor-start|unresolved","source_pdf_page_reviewed|visible_prose_presence|successor_anchor_type|selected_decision|reviewer_confidence","7","7","209","209","pending","","","","","","","","",""
"caa818c8b29d89d64acc87d5","5c3b585e3cbb1903dbe43875","container-intro-same-page-book-5-packet-01","5","a-genese","801091337487ce45678a0c70","69","Caracteres dos milagres","container-intro-same-page","container-intro-boundary|same-page-successor-boundary","retain-intro-and-confirm-successor-start|merge-intro-with-successor|exclude-structural-heading|adjust-successor-start|unresolved","source_pdf_page_reviewed|visible_prose_presence|successor_anchor_type|selected_decision|reviewer_confidence","7","7","231","231","pending","","","","","","","","",""
"64022f53482be9be9e05d652","308ba0a28d15878c5da9ff8a","container-intro-same-page-book-5-packet-01","5","a-genese","8243eec0bd1e08154b4113c5","85","Os milagres do Evangelho","container-intro-same-page","container-intro-boundary|same-page-successor-boundary","retain-intro-and-confirm-successor-start|merge-intro-with-successor|exclude-structural-heading|adjust-successor-start|unresolved","source_pdf_page_reviewed|visible_prose_presence|successor_anchor_type|selected_decision|reviewer_confidence","8","8","273","273","pending","","","","","","","","",""
"f68c03b6ac6ec620a17fffea","9256bdd179a21f1d39fdf0cd","container-intro-same-page-book-5-packet-01","5","a-genese","45946bdf3fa0a1488036ed42","116","Predições do Evangelho","container-intro-same-page","container-intro-boundary|same-page-successor-boundary","retain-intro-and-confirm-successor-start|merge-intro-with-successor|exclude-structural-heading|adjust-successor-start|unresolved","source_pdf_page_reviewed|visible_prose_presence|successor_anchor_type|selected_decision|reviewer_confidence","8","8","327","327","pending","","","","","","","","",""
"a9be26d7a75a2ed478c0b940","2101fa88fd8e1632c63458ba","same-page-no-semantic-anchor-book-1-packet-01","1","o-livro-dos-espiritos","9b2694748ef4c22927e48120","18","Povoamento da Terra. Adão","same-page-no-semantic-anchor","same-page-successor-boundary","confirm-successor-start|adjust-successor-start|merge-with-successor|unresolved","source_pdf_page_reviewed|successor_anchor_type|selected_decision|reviewer_confidence","6","6","70","70","pending","","","","","","","","",""
"e473600ca608d57db6a3ea23","3850147765c7a5d98ca04fbb","same-page-no-semantic-anchor-book-1-packet-01","1","o-livro-dos-espiritos","ca34fe5d192f446074599420","114","Vida contemplativa","same-page-no-semantic-anchor","same-page-successor-boundary","confirm-successor-start|adjust-successor-start|merge-with-successor|unresolved","source_pdf_page_reviewed|successor_anchor_type|selected_decision|reviewer_confidence","8","8","307","307","pending","","","","","","","","",""
"a731cdc3967c2a3e2d333dfa","e6943c5a2d591d333bfff4f0","same-page-no-semantic-anchor-book-1-packet-01","1","o-livro-dos-espiritos","fdc8bf68518dafb73f957139","122","População do globo","same-page-no-semantic-anchor","same-page-successor-boundary","confirm-successor-start|adjust-successor-start|merge-with-successor|unresolved","source_pdf_page_reviewed|successor_anchor_type|selected_decision|reviewer_confidence","8","8","321","321","pending","","","","","","","","",""
"7e0b9e602d08dabbb6e3fdad","eef34ac768790704d6589d49","same-page-no-semantic-anchor-book-1-packet-01","1","o-livro-dos-espiritos","563a1dfdad23a068ad5d4138","128","Instinto de conservação","same-page-no-semantic-anchor","same-page-successor-boundary","confirm-successor-start|adjust-successor-start|merge-with-successor|unresolved","source_pdf_page_reviewed|successor_anchor_type|selected_decision|reviewer_confidence","8","8","327","327","pending","","","","","","","","",""
"070c60572764b119c7f7d927","ae7558c3fcb5e22f85694519","same-page-no-semantic-anchor-book-1-packet-01","1","o-livro-dos-espiritos","40c75d9a34cd34a010229db0","153","Igualdade natural","same-page-no-semantic-anchor","same-page-successor-boundary","confirm-successor-start|adjust-successor-start|merge-with-successor|unresolved","source_pdf_page_reviewed|successor_anchor_type|selected_decision|reviewer_confidence","9","9","363","363","pending","","","","","","","","",""
"64b707ed4b6c9c50efac0d01","66d5c5c0b8ca2039bcb5ba0c","same-page-no-semantic-anchor-book-1-packet-01","1","o-livro-dos-espiritos","dd4668ae4e69736954812aeb","163","Liberdade de pensar","same-page-no-semantic-anchor","same-page-successor-boundary","confirm-successor-start|adjust-successor-start|merge-with-successor|unresolved","source_pdf_page_reviewed|successor_anchor_type|selected_decision|reviewer_confidence","9","9","373","373","pending","","","","","","","","",""
"5ceb3eabd5bae0b6f5d14e4a","cd817c94b8ed400022cb8b1a","same-page-no-semantic-anchor-book-2-packet-01","2","o-livro-dos-mediuns","d4303cfb1227455df49c3636","7","De que modo se deve proceder com os materialistas. Materialistas por sistema: materialistas que o são por falta de coisa melhor","same-page-no-semantic-anchor","no-legacy-word-count-estimate|same-page-successor-boundary","confirm-successor-start|adjust-successor-start|merge-with-successor|unresolved","source_pdf_page_reviewed|successor_anchor_type|selected_decision|reviewer_confidence","6","6","","","pending","","","","","","","","",""
"6295359dd6889ba505ef72d3","dc882978c55afcc2505c8074","same-page-no-semantic-anchor-book-2-packet-01","2","o-livro-dos-mediuns","0ece331adf907f3b0f84a68f","8","Incrédulos por ignorância, por má vontade, por interesse e má-fé, por pusilanimidade, por escrúpulos religiosos, por efeito de decepções","same-page-no-semantic-anchor","no-legacy-word-count-estimate|same-page-successor-boundary","confirm-successor-start|adjust-successor-start|merge-with-successor|unresolved","source_pdf_page_reviewed|successor_anchor_type|selected_decision|reviewer_confidence","6","6","","","pending","","","","","","","","",""
"3897756c407152ae53987665","ab2b73e7c4eb2f6d15aef539","same-page-no-semantic-anchor-book-2-packet-01","2","o-livro-dos-mediuns","461505522a3a1448a4c87e9e","9","Três classes de espíritas: espíritas experimentadores, espíritas imperfeitos, espíritas cristãos ou verdadeiros espíritas","same-page-no-semantic-anchor","no-legacy-word-count-estimate|same-page-successor-boundary","confirm-successor-start|adjust-successor-start|merge-with-successor|unresolved","source_pdf_page_reviewed|successor_anchor_type|selected_decision|reviewer_confidence","6","6","","","pending","","","","","","","","",""
"d09ad21c62db9a3d928e6bf8","1ca5704da02eb07536445dd4","same-page-no-semantic-anchor-book-2-packet-01","2","o-livro-dos-mediuns","846388d052d7b5d6c55ef4b0","12","Exame dos diferentes modos por que o Espiritismo é encarado","same-page-no-semantic-anchor","no-legacy-word-count-estimate|same-page-successor-boundary","confirm-successor-start|adjust-successor-start|merge-with-successor|unresolved","source_pdf_page_reviewed|successor_anchor_type|selected_decision|reviewer_confidence","6","6","","","pending","","","","","","","","",""
"e5017ea69081bdcd0c70da11","73266958ee162fdb947f519f","same-page-no-semantic-anchor-book-2-packet-01","2","o-livro-dos-mediuns","ae3f5201e9fa12cf865ec958","13","Sistemas de negação: do charlatanismo, da loucura, da alucinação, do músculo estalante, das causas físicas, do reflexo","same-page-no-semantic-anchor","no-legacy-word-count-estimate|same-page-successor-boundary","confirm-successor-start|adjust-successor-start|merge-with-successor|unresolved","source_pdf_page_reviewed|successor_anchor_type|selected_decision|reviewer_confidence","6","6","","","pending","","","","","","","","",""
"df9c53a270eea25a6c52bab4","745ad987105e2b1c1a92b86a","same-page-no-semantic-anchor-book-2-packet-01","2","o-livro-dos-mediuns","27e685beed7bd675f1d459b5","14","Sistemas de afirmação; sistema da alma coletiva; sistema sonambúlico, pessimista, diabólico ou demoníaco, otimista, unispírita ou monoespírita, multispírita ou polispírita, sistema da alma material","same-page-no-semantic-anchor","no-legacy-word-count-estimate|same-page-successor-boundary","confirm-successor-start|adjust-successor-start|merge-with-successor|unresolved","source_pdf_page_reviewed|successor_anchor_type|selected_decision|reviewer_confidence","6","6","","","pending","","","","","","","","",""
"8e36d3602e7cd38f8d1a7fe7","190a8154114a45cf007a4107","same-page-no-semantic-anchor-book-2-packet-01","2","o-livro-dos-mediuns","2b6a174a8df71951cf035e6a","20","Movimentos e suspensões","same-page-no-semantic-anchor","no-legacy-word-count-estimate|same-page-successor-boundary","confirm-successor-start|adjust-successor-start|merge-with-successor|unresolved","source_pdf_page_reviewed|successor_anchor_type|selected_decision|reviewer_confidence","7","7","","","pending","","","","","","","","",""
"6a0db9684004da1e9c650efa","7f22cabe24c6362362eead2e","same-page-no-semantic-anchor-book-2-packet-01","2","o-livro-dos-mediuns","b2096739e72fed1231059ae5","21","Ruídos","same-page-no-semantic-anchor","no-legacy-word-count-estimate|same-page-successor-boundary","confirm-successor-start|adjust-successor-start|merge-with-successor|unresolved","source_pdf_page_reviewed|successor_anchor_type|selected_decision|reviewer_confidence","7","7","","","pending","","","","","","","","",""
"aae34d255521a908694e178e","aec02a4d41af31ae230aab39","same-page-no-semantic-anchor-book-2-packet-01","2","o-livro-dos-mediuns","49c1115582d8b34a99cc5d3d","24","Ruídos, barulhos e perturbações","same-page-no-semantic-anchor","no-legacy-word-count-estimate|same-page-successor-boundary","confirm-successor-start|adjust-successor-start|merge-with-successor|unresolved","source_pdf_page_reviewed|successor_anchor_type|selected_decision|reviewer_confidence","7","7","","","pending","","","","","","","","",""
"64923e0001260594a5466cf6","6b148af8e79b934c383a7a5a","same-page-no-semantic-anchor-book-2-packet-01","2","o-livro-dos-mediuns","8874f5003ba4ebadd4f9d7a3","25","Arremesso de objetos","same-page-no-semantic-anchor","no-legacy-word-count-estimate|same-page-successor-boundary","confirm-successor-start|adjust-successor-start|merge-with-successor|unresolved","source_pdf_page_reviewed|successor_anchor_type|selected_decision|reviewer_confidence","7","7","","","pending","","","","","","","","",""
"6245381a74715bca7313d8ec","936c5d95aa5eb7d1212df369","same-page-no-semantic-anchor-book-2-packet-01","2","o-livro-dos-mediuns","d3ab36bc2b9d5a4d453cdd95","26","Fenômeno de transporte","same-page-no-semantic-anchor","legacy-word-count-oversized|same-page-successor-boundary","confirm-successor-start|adjust-successor-start|merge-with-successor|unresolved","source_pdf_page_reviewed|successor_anchor_type|selected_decision|reviewer_confidence","7","7","","","pending","","","","","","","","",""
"3f5ce2cf51b9c9f901bb23d5","9f65748ea94cd4972a76eaba","same-page-no-semantic-anchor-book-2-packet-01","2","o-livro-dos-mediuns","bcf3d69fc4ba9dcb428de1b8","29","Noções sobre as aparições","same-page-no-semantic-anchor","no-legacy-word-count-estimate|same-page-successor-boundary","confirm-successor-start|adjust-successor-start|merge-with-successor|unresolved","source_pdf_page_reviewed|successor_anchor_type|selected_decision|reviewer_confidence","7","7","","","pending","","","","","","","","",""
"822f9f5dafd698810c79bb6c","eef807527943e82c139cce13","same-page-no-semantic-anchor-book-2-packet-01","2","o-livro-dos-mediuns","eadad9e5982dbd4f6246e0ea","30","Ensaio teórico sobre as aparições","same-page-no-semantic-anchor","same-page-successor-boundary","confirm-successor-start|adjust-successor-start|merge-with-successor|unresolved","source_pdf_page_reviewed|successor_anchor_type|selected_decision|reviewer_confidence","7","7","","","pending","","","","","","","","",""
"4c26786ef72155617cb2fad8","cb15dc6242ecdfbb027d8de0","same-page-no-semantic-anchor-book-2-packet-01","2","o-livro-dos-mediuns","cc6899ab5fff646f9f3623ce","31","Espíritos glóbulos","same-page-no-semantic-anchor","no-legacy-word-count-estimate|same-page-successor-boundary","confirm-successor-start|adjust-successor-start|merge-with-successor|unresolved","source_pdf_page_reviewed|successor_anchor_type|selected_decision|reviewer_confidence","7","7","","","pending","","","","","","","","",""
"8688dadde1000969fa74699c","0aa12b3e136c670062ba2db3","same-page-no-semantic-anchor-book-2-packet-01","2","o-livro-dos-mediuns","2732ec5f7192bd89044a580e","34","Aparições dos Espíritos de pessoas vivas","same-page-no-semantic-anchor","no-legacy-word-count-estimate|same-page-successor-boundary","confirm-successor-start|adjust-successor-start|merge-with-successor|unresolved","source_pdf_page_reviewed|successor_anchor_type|selected_decision|reviewer_confidence","7","7","","","pending","","","","","","","","",""
"fd1f191fc39d30097fedb337","8d8513dd3452bf0e0b16dae1","same-page-no-semantic-anchor-book-2-packet-01","2","o-livro-dos-mediuns","4df248dbf139fc06d98d48d6","35","Homens duplos","same-page-no-semantic-anchor","no-legacy-word-count-estimate|same-page-successor-boundary","confirm-successor-start|adjust-successor-start|merge-with-successor|unresolved","source_pdf_page_reviewed|successor_anchor_type|selected_decision|reviewer_confidence","7","7","","","pending","","","","","","","","",""
"cc23f2790ccadb65c3af814f","62ff1a751605100a12b1b885","same-page-no-semantic-anchor-book-2-packet-01","2","o-livro-dos-mediuns","50e8805f014876969f36c08d","36","Santo Afonso de Liguori e Santo Antônio de Pádua","same-page-no-semantic-anchor","no-legacy-word-count-estimate|same-page-successor-boundary","confirm-successor-start|adjust-successor-start|merge-with-successor|unresolved","source_pdf_page_reviewed|successor_anchor_type|selected_decision|reviewer_confidence","7","7","","","pending","","","","","","","","",""
"d8c14d29e238c44f1583b163","10901ead453cd6457505f3f5","same-page-no-semantic-anchor-book-2-packet-01","2","o-livro-dos-mediuns","f86f5f660d02e8dcdec363dd","37","Vespasiano","same-page-no-semantic-anchor","no-legacy-word-count-estimate|same-page-successor-boundary","confirm-successor-start|adjust-successor-start|merge-with-successor|unresolved","source_pdf_page_reviewed|successor_anchor_type|selected_decision|reviewer_confidence","7","7","","","pending","","","","","","","","",""
"b499db8baf9af6b0bdd699cb","3b5d334faf9b056cf4b99d4a","same-page-no-semantic-anchor-book-2-packet-01","2","o-livro-dos-mediuns","70a00e8db490f2f33b321522","38","Transfiguração","same-page-no-semantic-anchor","no-legacy-word-count-estimate|same-page-successor-boundary","confirm-successor-start|adjust-successor-start|merge-with-successor|unresolved","source_pdf_page_reviewed|successor_anchor_type|selected_decision|reviewer_confidence","7","7","","","pending","","","","","","","","",""
"db952fd8631751ca9109b6c3","b0f6cbc440ffc2bf27d78b5b","same-page-no-semantic-anchor-book-2-packet-01","2","o-livro-dos-mediuns","29dbc2af252b7975bfdfc9d2","41","Vestuário dos Espíritos","same-page-no-semantic-anchor","no-legacy-word-count-estimate|same-page-successor-boundary","confirm-successor-start|adjust-successor-start|merge-with-successor|unresolved","source_pdf_page_reviewed|successor_anchor_type|selected_decision|reviewer_confidence","7","7","","","pending","","","","","","","","",""
"4021ed3fecaf3a1c0bc96e40","dff4ad59e1b0cdcc85ee1243","same-page-no-semantic-anchor-book-2-packet-02","2","o-livro-dos-mediuns","ab19b110dd7b59dd2b8a8270","42","Formação espontânea de objetos tangíveis","same-page-no-semantic-anchor","no-legacy-word-count-estimate|same-page-successor-boundary","confirm-successor-start|adjust-successor-start|merge-with-successor|unresolved","source_pdf_page_reviewed|successor_anchor_type|selected_decision|reviewer_confidence","7","7","","","pending","","","","","","","","",""
"1e0bd9a0cd99cf00dedd3aa2","846c36e3cfe052ce8fdc2eb3","same-page-no-semantic-anchor-book-2-packet-02","2","o-livro-dos-mediuns","5506be25c8edfc428b3445fa","43","Modificação das propriedades da matéria","same-page-no-semantic-anchor","no-legacy-word-count-estimate|same-page-successor-boundary","confirm-successor-start|adjust-successor-start|merge-with-successor|unresolved","source_pdf_page_reviewed|successor_anchor_type|selected_decision|reviewer_confidence","7","7","","","pending","","","","","","","","",""
"88e87a5217042b758b8e33a0","5480aee03ad64d5151470b7e","same-page-no-semantic-anchor-book-2-packet-02","2","o-livro-dos-mediuns","5b1d851d20f4e2fb0dfea066","49","Linguagem dos sinais e das pancadas","same-page-no-semantic-anchor","no-legacy-word-count-estimate|same-page-successor-boundary","confirm-successor-start|adjust-successor-start|merge-with-successor|unresolved","source_pdf_page_reviewed|successor_anchor_type|selected_decision|reviewer_confidence","7","7","","","pending","","","","","","","","",""
"503fa9b97bb46afb31241db6","570988ba7efb19e32d2fd96b","same-page-no-semantic-anchor-book-2-packet-02","2","o-livro-dos-mediuns","6f6cf98df2f8bf63df4949b2","53","Psicografia indireta: cestas e pranchetas","same-page-no-semantic-anchor","no-legacy-word-count-estimate|same-page-successor-boundary","confirm-successor-start|adjust-successor-start|merge-with-successor|unresolved","source_pdf_page_reviewed|successor_anchor_type|selected_decision|reviewer_confidence","7","7","","","pending","","","","","","","","",""
"43088b8de56404f8963cfc47","5def06350d9358c774857977","same-page-no-semantic-anchor-book-2-packet-02","2","o-livro-dos-mediuns","83c3ad7dd6608dc01066c5dc","56","Médiuns de efeitos físicos","same-page-no-semantic-anchor","same-page-successor-boundary","confirm-successor-start|adjust-successor-start|merge-with-successor|unresolved","source_pdf_page_reviewed|successor_anchor_type|selected_decision|reviewer_confidence","7","7","","","pending","","","","","","","","",""
"4d3de35b7f7183507aaffdd8","cb3cc2eaaf01ebc2747b3565","same-page-no-semantic-anchor-book-2-packet-02","2","o-livro-dos-mediuns","8ec6b067095e088f7466a476","57","Pessoas elétricas","same-page-no-semantic-anchor","no-legacy-word-count-estimate|same-page-successor-boundary","confirm-successor-start|adjust-successor-start|merge-with-successor|unresolved","source_pdf_page_reviewed|successor_anchor_type|selected_decision|reviewer_confidence","7","7","","","pending","","","","","","","","",""
"95eb2a7a5baaabcd6229b89d","bb2af6673b8a049e7aa7b595","same-page-no-semantic-anchor-book-2-packet-02","2","o-livro-dos-mediuns","96cff0d7dc39aa3dc47a54e4","58","Médiuns sensitivos ou impressionáveis","same-page-no-semantic-anchor","same-page-successor-boundary","confirm-successor-start|adjust-successor-start|merge-with-successor|unresolved","source_pdf_page_reviewed|successor_anchor_type|selected_decision|reviewer_confidence","7","7","","","pending","","","","","","","","",""
"f3673e03e115664c7dd995f7","c5bc7008442244b22f4ffba1","same-page-no-semantic-anchor-book-2-packet-02","2","o-livro-dos-mediuns","c0f3b9746d1c793dae593249","59","Médiuns audientes","same-page-no-semantic-anchor","same-page-successor-boundary","confirm-successor-start|adjust-successor-start|merge-with-successor|unresolved","source_pdf_page_reviewed|successor_anchor_type|selected_decision|reviewer_confidence","7","7","","","pending","","","","","","","","",""
"b75da01a52b0306741876e6c","713fb81a0829c9a183b4b70d","same-page-no-semantic-anchor-book-2-packet-02","2","o-livro-dos-mediuns","1d427008b83d974f1d928280","60","Médiuns falantes","same-page-no-semantic-anchor","same-page-successor-boundary","confirm-successor-start|adjust-successor-start|merge-with-successor|unresolved","source_pdf_page_reviewed|successor_anchor_type|selected_decision|reviewer_confidence","7","7","","","pending","","","","","","","","",""
"355464fd8147fbae1a81fef9","67bb8ff883f95d1ca6091931","same-page-no-semantic-anchor-book-2-packet-02","2","o-livro-dos-mediuns","36a87049c6bae33e27018814","61","Médiuns videntes","same-page-no-semantic-anchor","same-page-successor-boundary","confirm-successor-start|adjust-successor-start|merge-with-successor|unresolved","source_pdf_page_reviewed|successor_anchor_type|selected_decision|reviewer_confidence","7","7","","","pending","","","","","","","","",""
"6daaeca8ebb91f2e1419c4dc","6c7cbff7d50f2641398b482c","same-page-no-semantic-anchor-book-2-packet-02","2","o-livro-dos-mediuns","57326f6ac49fd3318b7439d1","62","Médiuns sonambúlicos","same-page-no-semantic-anchor","same-page-successor-boundary","confirm-successor-start|adjust-successor-start|merge-with-successor|unresolved","source_pdf_page_reviewed|successor_anchor_type|selected_decision|reviewer_confidence","7","7","","","pending","","","","","","","","",""
"8b5724948e65e66d32b33326","91f9e966ee89d8f7ab241fa7","same-page-no-semantic-anchor-book-2-packet-02","2","o-livro-dos-mediuns","3f267937da87df55946a9ec3","63","Médiuns curadores","same-page-no-semantic-anchor","same-page-successor-boundary","confirm-successor-start|adjust-successor-start|merge-with-successor|unresolved","source_pdf_page_reviewed|successor_anchor_type|selected_decision|reviewer_confidence","7","7","","","pending","","","","","","","","",""
"906509ab9c77064c348ebec1","0d6f988f6a7d48d6a9ec79f2","same-page-no-semantic-anchor-book-2-packet-02","2","o-livro-dos-mediuns","08aff1ed7292cbda8723ef60","68","Aptidões especiais dos médiuns","same-page-no-semantic-anchor","no-legacy-word-count-estimate|same-page-successor-boundary","confirm-successor-start|adjust-successor-start|merge-with-successor|unresolved","source_pdf_page_reviewed|successor_anchor_type|selected_decision|reviewer_confidence","8","8","","","pending","","","","","","","","",""
"4e0bd8a47ff62e2ffb9549da","f3601f8bbd9158ba60ebd4c0","same-page-no-semantic-anchor-book-2-packet-02","2","o-livro-dos-mediuns","e86226f44c5fbf2493cd071f","71","Desenvolvimento da mediunidade","same-page-no-semantic-anchor","legacy-word-count-oversized|same-page-successor-boundary","confirm-successor-start|adjust-successor-start|merge-with-successor|unresolved","source_pdf_page_reviewed|successor_anchor_type|selected_decision|reviewer_confidence","8","8","","","pending","","","","","","","","",""
"184431900a172c9ec6844885","a400525e775112ca2fb568b2","same-page-no-semantic-anchor-book-2-packet-02","2","o-livro-dos-mediuns","dba23a05a9aee9123deaae3c","72","Mudança de caligrafia","same-page-no-semantic-anchor","same-page-successor-boundary","confirm-successor-start|adjust-successor-start|merge-with-successor|unresolved","source_pdf_page_reviewed|successor_anchor_type|selected_decision|reviewer_confidence","8","8","","","pending","","","","","","","","",""
"e256bd63353ee92d4ef96065","26eff4bb3ba0dfdd3972f54c","same-page-no-semantic-anchor-book-2-packet-02","2","o-livro-dos-mediuns","ab77c3f8a7c7a5a6f7dc2526","75","Influência do exercício da mediunidade sobre a saúde","same-page-no-semantic-anchor","no-legacy-word-count-estimate|same-page-successor-boundary","confirm-successor-start|adjust-successor-start|merge-with-successor|unresolved","source_pdf_page_reviewed|successor_anchor_type|selected_decision|reviewer_confidence","8","8","","","pending","","","","","","","","",""
"357a9ca4aca172894a291199","678a271e959cc7eb4b7fd509","same-page-no-semantic-anchor-book-2-packet-02","2","o-livro-dos-mediuns","5e4832754f32baf1e8daa666","76","Idem sobre o cérebro","same-page-no-semantic-anchor","no-legacy-word-count-estimate|same-page-successor-boundary","confirm-successor-start|adjust-successor-start|merge-with-successor|unresolved","source_pdf_page_reviewed|successor_anchor_type|selected_decision|reviewer_confidence","8","8","","","pending","","","","","","","","",""
"85c7cf5ee49d466b5485bcab","416a047065bd2b7f14953bd9","same-page-no-semantic-anchor-book-2-packet-02","2","o-livro-dos-mediuns","d453a364c1a20d0b21c85c6a","79","Influência do Espírito pessoal do médium","same-page-no-semantic-anchor","no-legacy-word-count-estimate|same-page-successor-boundary","confirm-successor-start|adjust-successor-start|merge-with-successor|unresolved","source_pdf_page_reviewed|successor_anchor_type|selected_decision|reviewer_confidence","8","8","","","pending","","","","","","","","",""
"705841cb923bc4d9fa3ac25b","f796a50bc812e5578177e9d3","same-page-no-semantic-anchor-book-2-packet-02","2","o-livro-dos-mediuns","c172855c2ef75f24e632a536","80","Sistema dos médiuns inertes","same-page-no-semantic-anchor","no-legacy-word-count-estimate|same-page-successor-boundary","confirm-successor-start|adjust-successor-start|merge-with-successor|unresolved","source_pdf_page_reviewed|successor_anchor_type|selected_decision|reviewer_confidence","8","8","","","pending","","","","","","","","",""
"10d3ccd6f7f6cf76e48ba718","4c1108c5062464d6d6faed29","same-page-no-semantic-anchor-book-2-packet-02","2","o-livro-dos-mediuns","e473f826634eaf9b1d4499f4","81","Aptidão de certos médiuns para coisas de que nada conhecem: línguas, música, desenho etc","same-page-no-semantic-anchor","no-legacy-word-count-estimate|same-page-successor-boundary","confirm-successor-start|adjust-successor-start|merge-with-successor|unresolved","source_pdf_page_reviewed|successor_anchor_type|selected_decision|reviewer_confidence","8","8","","","pending","","","","","","","","",""
"870de81583dcbdd0d0718e4e","45501b7fb084daeef2fdfe7b","same-page-no-semantic-anchor-book-2-packet-03","2","o-livro-dos-mediuns","a4750ce1343cec2fc2e3fa69","84","Questões diversas","same-page-no-semantic-anchor","no-legacy-word-count-estimate|same-page-successor-boundary","confirm-successor-start|adjust-successor-start|merge-with-successor|unresolved","source_pdf_page_reviewed|successor_anchor_type|selected_decision|reviewer_confidence","8","8","","","pending","","","","","","","","",""
"a78cb8603899be9004411a5c","8caa5a7d94f773d619552e61","same-page-no-semantic-anchor-book-2-packet-03","2","o-livro-dos-mediuns","918e63ca4702c1297043b7be","89","Obsessão simples","same-page-no-semantic-anchor","no-legacy-word-count-estimate|same-page-successor-boundary","confirm-successor-start|adjust-successor-start|merge-with-successor|unresolved","source_pdf_page_reviewed|successor_anchor_type|selected_decision|reviewer_confidence","8","8","","","pending","","","","","","","","",""
"ad3c572dbc06811657ecdcc9","69cd38cfae2806613180a8b2","same-page-no-semantic-anchor-book-2-packet-03","2","o-livro-dos-mediuns","d14186ad26de6fedc981a33e","90","Fascinação","same-page-no-semantic-anchor","no-legacy-word-count-estimate|same-page-successor-boundary","confirm-successor-start|adjust-successor-start|merge-with-successor|unresolved","source_pdf_page_reviewed|successor_anchor_type|selected_decision|reviewer_confidence","8","8","","","pending","","","","","","","","",""
"b8e62b6762659edd47ef361e","b69df13354f27cc5b54dcf6c","same-page-no-semantic-anchor-book-2-packet-03","2","o-livro-dos-mediuns","a1c1f52d63a279303f045a01","91","Subjugação","same-page-no-semantic-anchor","no-legacy-word-count-estimate|same-page-successor-boundary","confirm-successor-start|adjust-successor-start|merge-with-successor|unresolved","source_pdf_page_reviewed|successor_anchor_type|selected_decision|reviewer_confidence","8","8","","","pending","","","","","","","","",""
"2a5a05e4642a64755fe8afab","637478ff6037ee3c67b5d144","same-page-no-semantic-anchor-book-2-packet-03","2","o-livro-dos-mediuns","d5f756c19934aa57901c3a54","92","Causas da obsessão","same-page-no-semantic-anchor","no-legacy-word-count-estimate|same-page-successor-boundary","confirm-successor-start|adjust-successor-start|merge-with-successor|unresolved","source_pdf_page_reviewed|successor_anchor_type|selected_decision|reviewer_confidence","8","8","","","pending","","","","","","","","",""
"5e9ecae7d78c747ae817a89a","56ecdc94ade530b98aa62e6b","same-page-no-semantic-anchor-book-2-packet-03","2","o-livro-dos-mediuns","2b22588e2aa43ba3f5ad9a51","95","Provas possíveis de identidade","same-page-no-semantic-anchor","same-page-successor-boundary","confirm-successor-start|adjust-successor-start|merge-with-successor|unresolved","source_pdf_page_reviewed|successor_anchor_type|selected_decision|reviewer_confidence","8","8","","","pending","","","","","","","","",""
"571c0611ab237f3cc8ae34a2","50d2fea88856f77081bdbb99","same-page-no-semantic-anchor-book-2-packet-03","2","o-livro-dos-mediuns","069c36d7dd83c0277d11ba8e","96","Modo de se distinguirem os bons dos maus Espíritos","same-page-no-semantic-anchor","legacy-word-count-oversized|same-page-successor-boundary","confirm-successor-start|adjust-successor-start|merge-with-successor|unresolved","source_pdf_page_reviewed|successor_anchor_type|selected_decision|reviewer_confidence","8","8","","","pending","","","","","","","","",""
"2cdaa239d9030c209eaea40b","6557ecf7a9bee93ca2fda18e","same-page-no-semantic-anchor-book-2-packet-03","2","o-livro-dos-mediuns","08d7913f6af64eb513865b6a","99","Considerações gerais","same-page-no-semantic-anchor","same-page-successor-boundary","confirm-successor-start|adjust-successor-start|merge-with-successor|unresolved","source_pdf_page_reviewed|successor_anchor_type|selected_decision|reviewer_confidence","8","8","","","pending","","","","","","","","",""
"f07191ec37ba42308f4398a3","56621183f97e6371afb22491","same-page-no-semantic-anchor-book-2-packet-03","2","o-livro-dos-mediuns","100e7a6c78c5d22eb91c82a9","100","Espíritos que se podem evocar","same-page-no-semantic-anchor","same-page-successor-boundary","confirm-successor-start|adjust-successor-start|merge-with-successor|unresolved","source_pdf_page_reviewed|successor_anchor_type|selected_decision|reviewer_confidence","8","8","","","pending","","","","","","","","",""
"1961a13f1508773d5a7a233c","958aeb29badce8d466ffacac","same-page-no-semantic-anchor-book-2-packet-03","2","o-livro-dos-mediuns","1636f3697c5b061474bea0ff","101","Linguagem de que se deve usar com os Espíritos","same-page-no-semantic-anchor","same-page-successor-boundary","confirm-successor-start|adjust-successor-start|merge-with-successor|unresolved","source_pdf_page_reviewed|successor_anchor_type|selected_decision|reviewer_confidence","8","8","","","pending","","","","","","","","",""
"5d8392ecf7fdc67cf2e6c893","d37066b46c608085b91a139d","same-page-no-semantic-anchor-book-2-packet-03","2","o-livro-dos-mediuns","12dbd6a011eca30eeb9c6822","102","Utilidade das evocações particulares","same-page-no-semantic-anchor","legacy-word-count-oversized|same-page-successor-boundary","confirm-successor-start|adjust-successor-start|merge-with-successor|unresolved","source_pdf_page_reviewed|successor_anchor_type|selected_decision|reviewer_confidence","8","8","","","pending","","","","","","","","",""
"72e1e67c1944e9725a170e3c","86ab2b184ec55de7912c9cb2","same-page-no-semantic-anchor-book-2-packet-03","2","o-livro-dos-mediuns","a7e6f2445c2d4384b6cd3166","103","Questões sobre as evocações","same-page-no-semantic-anchor","no-legacy-word-count-estimate|same-page-successor-boundary","confirm-successor-start|adjust-successor-start|merge-with-successor|unresolved","source_pdf_page_reviewed|successor_anchor_type|selected_decision|reviewer_confidence","8","8","","","pending","","","","","","","","",""
"6cb884cb8eb3ececefa02213","860fc90e8b1f976a042a1e8e","same-page-no-semantic-anchor-book-2-packet-03","2","o-livro-dos-mediuns","040ef1695077f62862ff2a01","104","Evocações dos animais","same-page-no-semantic-anchor","no-legacy-word-count-estimate|same-page-successor-boundary","confirm-successor-start|adjust-successor-start|merge-with-successor|unresolved","source_pdf_page_reviewed|successor_anchor_type|selected_decision|reviewer_confidence","8","8","","","pending","","","","","","","","",""
"6fb7d5efacdce4b69048190a","37775b3f68fd0a4c477953b1","same-page-no-semantic-anchor-book-2-packet-03","2","o-livro-dos-mediuns","d74f3076519ddd4e07ececb0","105","Evocações das pessoas vivas","same-page-no-semantic-anchor","no-legacy-word-count-estimate|same-page-successor-boundary","confirm-successor-start|adjust-successor-start|merge-with-successor|unresolved","source_pdf_page_reviewed|successor_anchor_type|selected_decision|reviewer_confidence","8","8","","","pending","","","","","","","","",""
"b9932d9b5244087db7e78733","062c6dbf156a1b96c00478a0","same-page-no-semantic-anchor-book-2-packet-03","2","o-livro-dos-mediuns","82bd31a7e9033b97c87a48f9","108","Observações preliminares","same-page-no-semantic-anchor","legacy-word-count-oversized|same-page-successor-boundary","confirm-successor-start|adjust-successor-start|merge-with-successor|unresolved","source_pdf_page_reviewed|successor_anchor_type|selected_decision|reviewer_confidence","9","9","","","pending","","","","","","","","",""
"f0afdc6ea4b4b944c252a32a","4c57a7027a1cafc1dbf59457","same-page-no-semantic-anchor-book-2-packet-03","2","o-livro-dos-mediuns","1456e2b3294d301a78e5cf72","109","Perguntas simpáticas ou antipáticas aos Espíritos","same-page-no-semantic-anchor","no-legacy-word-count-estimate|same-page-successor-boundary","confirm-successor-start|adjust-successor-start|merge-with-successor|unresolved","source_pdf_page_reviewed|successor_anchor_type|selected_decision|reviewer_confidence","9","9","","","pending","","","","","","","","",""
"cbff5e6026f25411e8509d48","1f4f8d2a68c4e814a45a65f5","same-page-no-semantic-anchor-book-2-packet-03","2","o-livro-dos-mediuns","1ea97f6309ed08451096e49b","110","Perguntas sobre o futuro","same-page-no-semantic-anchor","no-legacy-word-count-estimate|same-page-successor-boundary","confirm-successor-start|adjust-successor-start|merge-with-successor|unresolved","source_pdf_page_reviewed|successor_anchor_type|selected_decision|reviewer_confidence","9","9","","","pending","","","","","","","","",""
"f5412b3ad807cec284b41234","2c245b2b7b48011810318e39","same-page-no-semantic-anchor-book-2-packet-03","2","o-livro-dos-mediuns","b1b5a3ae962f8e7924e2020c","111","Sobre as existências passadas e vindouras","same-page-no-semantic-anchor","no-legacy-word-count-estimate|same-page-successor-boundary","confirm-successor-start|adjust-successor-start|merge-with-successor|unresolved","source_pdf_page_reviewed|successor_anchor_type|selected_decision|reviewer_confidence","9","9","","","pending","","","","","","","","",""
"2ef17a38ada4fd37a77787e4","61aca3bce87627110bc3b921","same-page-no-semantic-anchor-book-2-packet-03","2","o-livro-dos-mediuns","c7c12401bf19ceaa875ec409","112","Sobre interesses morais e materiais","same-page-no-semantic-anchor","no-legacy-word-count-estimate|same-page-successor-boundary","confirm-successor-start|adjust-successor-start|merge-with-successor|unresolved","source_pdf_page_reviewed|successor_anchor_type|selected_decision|reviewer_confidence","9","9","","","pending","","","","","","","","",""
"1f80d91518c521e655fd67fb","85a885a17c991b170bbd85cd","same-page-no-semantic-anchor-book-2-packet-03","2","o-livro-dos-mediuns","4759b2252cea02241a67d388","113","Sobre a sorte dos Espíritos","same-page-no-semantic-anchor","no-legacy-word-count-estimate|same-page-successor-boundary","confirm-successor-start|adjust-successor-start|merge-with-successor|unresolved","source_pdf_page_reviewed|successor_anchor_type|selected_decision|reviewer_confidence","9","9","","","pending","","","","","","","","",""
"8fb752580e7349607ba5c3c1","d53f4d842b47d5e3123c76f2","same-page-no-semantic-anchor-book-2-packet-04","2","o-livro-dos-mediuns","4bb021e741e7beb59b7a95d1","114","Sobre a saúde","same-page-no-semantic-anchor","no-legacy-word-count-estimate|same-page-successor-boundary","confirm-successor-start|adjust-successor-start|merge-with-successor|unresolved","source_pdf_page_reviewed|successor_anchor_type|selected_decision|reviewer_confidence","9","9","","","pending","","","","","","","","",""
"cdf6d955a7a0cf186357c363","05f7ad9d25dacfedec93b533","same-page-no-semantic-anchor-book-2-packet-04","2","o-livro-dos-mediuns","d5f63a018ee98a856bb121fa","115","Sobre as invenções e descobertas","same-page-no-semantic-anchor","no-legacy-word-count-estimate|same-page-successor-boundary","confirm-successor-start|adjust-successor-start|merge-with-successor|unresolved","source_pdf_page_reviewed|successor_anchor_type|selected_decision|reviewer_confidence","9","9","","","pending","","","","","","","","",""
"250162b56cbec579275e37fa","b5797f4d406d2c9bf80e0465","same-page-no-semantic-anchor-book-2-packet-04","2","o-livro-dos-mediuns","cfa234d24f2f65c708a90a72","116","Sobre os tesouros ocultos","same-page-no-semantic-anchor","no-legacy-word-count-estimate|same-page-successor-boundary","confirm-successor-start|adjust-successor-start|merge-with-successor|unresolved","source_pdf_page_reviewed|successor_anchor_type|selected_decision|reviewer_confidence","9","9","","","pending","","","","","","","","",""
"973d7eb5afa1bef19c6aeaaa","6a52ec746131d5e6140e2bfa","same-page-no-semantic-anchor-book-2-packet-04","2","o-livro-dos-mediuns","b3eefd00bc66e06f8073b95f","120","Médiuns interesseiros","same-page-no-semantic-anchor","same-page-successor-boundary","confirm-successor-start|adjust-successor-start|merge-with-successor|unresolved","source_pdf_page_reviewed|successor_anchor_type|selected_decision|reviewer_confidence","9","9","","","pending","","","","","","","","",""
"d149f3199abe25bb62b88dfa","615de0172c9025cb5b915126","same-page-no-semantic-anchor-book-2-packet-04","2","o-livro-dos-mediuns","574707d5f0923fa7947f068d","123","Das reuniões em geral","same-page-no-semantic-anchor","legacy-word-count-oversized|same-page-successor-boundary","confirm-successor-start|adjust-successor-start|merge-with-successor|unresolved","source_pdf_page_reviewed|successor_anchor_type|selected_decision|reviewer_confidence","9","9","","","pending","","","","","","","","",""
"3b128ef3cfb8d3dea81fb083","5cdc89683aa07d3009bbd376","same-page-no-semantic-anchor-book-2-packet-04","2","o-livro-dos-mediuns","048dae1652ad0db1740ac444","124","Das Sociedades propriamente ditas","same-page-no-semantic-anchor","same-page-successor-boundary","confirm-successor-start|adjust-successor-start|merge-with-successor|unresolved","source_pdf_page_reviewed|successor_anchor_type|selected_decision|reviewer_confidence","9","9","","","pending","","","","","","","","",""
"e785ced8e5a4e2d07291e417","219a2d46c5fa2db7361785f5","same-page-no-semantic-anchor-book-2-packet-04","2","o-livro-dos-mediuns","1a787ffe502af23b14cb48e0","125","Assuntos de estudo","same-page-no-semantic-anchor","same-page-successor-boundary","confirm-successor-start|adjust-successor-start|merge-with-successor|unresolved","source_pdf_page_reviewed|successor_anchor_type|selected_decision|reviewer_confidence","9","9","","","pending","","","","","","","","",""
"716d095f6c8e596e53a63e35","03211a5a4cfe866e0e14c4bf","same-page-no-semantic-anchor-book-2-packet-04","2","o-livro-dos-mediuns","6f60a11cdd8a3de795869a2b","129","Acerca do Espiritismo","same-page-no-semantic-anchor","no-legacy-word-count-estimate|same-page-successor-boundary","confirm-successor-start|adjust-successor-start|merge-with-successor|unresolved","source_pdf_page_reviewed|successor_anchor_type|selected_decision|reviewer_confidence","9","9","","","pending","","","","","","","","",""
"44a87f3c8bd52330ab38111f","75bb65ff20bc8d40690251ff","same-page-no-semantic-anchor-book-2-packet-04","2","o-livro-dos-mediuns","98ab3cc0a147b2c09e1f4ba7","130","Sobre os médiuns","same-page-no-semantic-anchor","no-legacy-word-count-estimate|same-page-successor-boundary","confirm-successor-start|adjust-successor-start|merge-with-successor|unresolved","source_pdf_page_reviewed|successor_anchor_type|selected_decision|reviewer_confidence","9","9","","","pending","","","","","","","","",""
"9f9e584f636f47ef4ecb58ef","74d8b17ce62c9a03a568af3b","same-page-no-semantic-anchor-book-2-packet-04","2","o-livro-dos-mediuns","78292d40f0ef490a23250c30","131","Sobre as Sociedades Espíritas","same-page-no-semantic-anchor","same-page-successor-boundary","confirm-successor-start|adjust-successor-start|merge-with-successor|unresolved","source_pdf_page_reviewed|successor_anchor_type|selected_decision|reviewer_confidence","9","9","","","pending","","","","","","","","",""
"096f751df6c195c3a834190f","d89edaa48cf723bd3cbfcadb","same-page-no-semantic-anchor-book-3-packet-01","3","o-evangelho-segundo-o-espiritismo","9d8aad897894831700cfd109","100","A beneficência","same-page-no-semantic-anchor","legacy-word-count-oversized|same-page-successor-boundary","confirm-successor-start|adjust-successor-start|merge-with-successor|unresolved","source_pdf_page_reviewed|successor_anchor_type|selected_decision|reviewer_confidence","8","8","","","pending","","","","","","","","",""
"4d52e995d8a36e1cbe11e255","8aad9c18e9c405dbdc1f9e20","same-page-no-semantic-anchor-book-4-packet-01","4","o-ceu-e-o-inferno","9679a904e31daae1e3e56906","22","Princípios da Doutrina Espírita sobre as penas futuras","same-page-no-semantic-anchor","no-legacy-word-count-estimate|same-page-successor-boundary","confirm-successor-start|adjust-successor-start|merge-with-successor|unresolved","source_pdf_page_reviewed|successor_anchor_type|selected_decision|reviewer_confidence","6","6","82","82","pending","","","","","","","","",""
"268544cc96432e7619c5d4ad","2171cd4a72a7e276f72c9dc8","same-page-no-semantic-anchor-book-5-packet-01","5","a-genese","de257ebe96af3ffbdc12ce4f","41","Teoria da condensação","same-page-no-semantic-anchor","same-page-successor-boundary","confirm-successor-start|adjust-successor-start|merge-with-successor|unresolved","source_pdf_page_reviewed|successor_anchor_type|selected_decision|reviewer_confidence","6","6","150","150","pending","","","","","","","","",""
"06af1c2475d97f65669d306a","2296cb1ebdf5662c23ecea1d","same-page-no-semantic-anchor-book-5-packet-01","5","a-genese","41256a94961280b0ec185b2a","87","Sonhos","same-page-no-semantic-anchor","same-page-successor-boundary","confirm-successor-start|adjust-successor-start|merge-with-successor|unresolved","source_pdf_page_reviewed|successor_anchor_type|selected_decision|reviewer_confidence","8","8","275","275","pending","","","","","","","","",""
"1165c6317812804c24b444f3","e3992d246d30456ec6147928","same-page-no-semantic-anchor-book-5-packet-01","5","a-genese","143693537c3cf3b5ea10a44d","89","Entrada de Jesus em Jerusalém","same-page-no-semantic-anchor","same-page-successor-boundary","confirm-successor-start|adjust-successor-start|merge-with-successor|unresolved","source_pdf_page_reviewed|successor_anchor_type|selected_decision|reviewer_confidence","8","8","276","276","pending","","","","","","","","",""
"d9d47903ac54ced8d82fbc5a","65e8f7883ad4f4e6dd727834","same-page-no-semantic-anchor-book-5-packet-01","5","a-genese","a1927465f07f14bb9497ab9b","91","Pesca milagrosa","same-page-no-semantic-anchor","same-page-successor-boundary","confirm-successor-start|adjust-successor-start|merge-with-successor|unresolved","source_pdf_page_reviewed|successor_anchor_type|selected_decision|reviewer_confidence","8","8","277","277","pending","","","","","","","","",""
"5619f48d9f5ad24a28cd5c5b","4c79b6a2cf5cbe32f724f98a","same-page-no-semantic-anchor-book-5-packet-01","5","a-genese","967bb923009521831a90dedd","94","Cego de Betsaida","same-page-no-semantic-anchor","same-page-successor-boundary","confirm-successor-start|adjust-successor-start|merge-with-successor|unresolved","source_pdf_page_reviewed|successor_anchor_type|selected_decision|reviewer_confidence","8","8","280","280","pending","","","","","","","","",""
"7b79479675f772bcda500d78","eee02b6b8417511d91a04327","same-page-no-semantic-anchor-book-5-packet-01","5","a-genese","5614b07b464989d7e8bc9a4b","98","A mulher curvada","same-page-no-semantic-anchor","same-page-successor-boundary","confirm-successor-start|adjust-successor-start|merge-with-successor|unresolved","source_pdf_page_reviewed|successor_anchor_type|selected_decision|reviewer_confidence","8","8","283","283","pending","","","","","","","","",""
"a803515b4b910bf535213ec9","2ea62a75175d8d61f9974336","same-page-no-semantic-anchor-book-5-packet-01","5","a-genese","88dddcb471bd451858bc4dc2","107","Tempestade aplacada","same-page-no-semantic-anchor","same-page-successor-boundary","confirm-successor-start|adjust-successor-start|merge-with-successor|unresolved","source_pdf_page_reviewed|successor_anchor_type|selected_decision|reviewer_confidence","8","8","298","298","pending","","","","","","","","",""
"e5270c4e89b3769b783a0586","b0a41753614ee27d66f487f2","same-page-no-semantic-anchor-book-5-packet-01","5","a-genese","51343da79da82b5b257c9e2b","119","Perseguição aos apóstolos","same-page-no-semantic-anchor","same-page-successor-boundary","confirm-successor-start|adjust-successor-start|merge-with-successor|unresolved","source_pdf_page_reviewed|successor_anchor_type|selected_decision|reviewer_confidence","8","8","331","331","pending","","","","","","","","",""
"3a51a47742bd6377bd08fec7","9d3108b29f38f42b3528d928","same-page-no-semantic-anchor-book-5-packet-01","5","a-genese","113f7ff843bb375048d0a053","124","A pedra angular","same-page-no-semantic-anchor","same-page-successor-boundary","confirm-successor-start|adjust-successor-start|merge-with-successor|unresolved","source_pdf_page_reviewed|successor_anchor_type|selected_decision|reviewer_confidence","8","8","336","336","pending","","","","","","","","",""
"131349adb8198c27153e9f66","4841347de1950be3f1179cb1","same-page-no-semantic-anchor-book-5-packet-01","5","a-genese","cc17fbf1ec2b82c33161adc6","127","Advento de Elias","same-page-no-semantic-anchor","same-page-successor-boundary","confirm-successor-start|adjust-successor-start|merge-with-successor|unresolved","source_pdf_page_reviewed|successor_anchor_type|selected_decision|reviewer_confidence","8","8","340","340","pending","","","","","","","","",""
